{"stats":{"minecraft:mined":{"minecraft:crafting_table":6,"minecraft:granite":1,"minecraft:grass_block":5,"minecraft:tall_grass":4,"minecraft:sugar_cane":6,"minecraft:diorite":4,"minecraft:furnace":2,"minecraft:iron_ore":59,"minecraft:grass":19,"minecraft:oak_log":73,"minecraft:coal_ore":59,"minecraft:dirt":6,"minecraft:stone":130,"minecraft:oak_leaves":2},"minecraft:used":{"minecraft:diorite":1,"minecraft:stone_pickaxe":131,"minecraft:wooden_pickaxe":8,"minecraft:shield":6,"minecraft:cooked_chicken":8,"minecraft:dirt":10,"minecraft:crafting_table":6,"minecraft:oak_log":4,"minecraft:lava_bucket":1,"minecraft:iron_axe":123,"minecraft:iron_pickaxe":117,"minecraft:stone_axe":54,"minecraft:cobblestone":12,"minecraft:furnace":2,"minecraft:bucket":2,"minecraft:oak_boat":1},"minecraft:broken":{"minecraft:stone_pickaxe":1},"minecraft:killed":{"iceandfire:hippogryph":1,"minecraft:pig":33,"minecraft:spider":3,"minecraft:sheep":6,"minecraft:skeleton":2,"minecraft:zombie":1,"minecraft:donkey":2,"minecraft:chicken":17,"minecraft:cow":12},"minecraft:picked_up":{"minecraft:crafting_table":6,"minecraft:feather":23,"minecraft:chicken":17,"minecraft:leather":19,"minecraft:oak_log":71,"minecraft:dirt":11,"minecraft:string":1,"minecraft:bone":2,"minecraft:apple":1,"minecraft:beef":24,"minecraft:oak_boat":1,"minecraft:iron_ore":59,"minecraft:sugar_cane":17,"minecraft:oak_planks":10,"minecraft:egg":1,"minecraft:furnace":2,"minecraft:porkchop":69,"minecraft:diorite":4,"minecraft:arrow":4,"minecraft:rotten_flesh":1,"minecraft:granite":1,"minecraft:mutton":7,"minecraft:coal":59,"minecraft:white_wool":23,"minecraft:cobblestone":130},"minecraft:crafted":{"minecraft:oak_planks":36,"minecraft:crafting_table":2,"minecraft:iron_helmet":1,"minecraft:wooden_pickaxe":1,"minecraft:cooked_chicken":11,"usefulbackpacks:backpack_small":1,"minecraft:furnace":1,"minecraft:bucket":1,"minecraft:stone_axe":1,"minecraft:air":0,"minecraft:oak_boat":1,"minecraft:iron_boots":1,"minecraft:iron_chestplate":1,"minecraft:shield":1,"minecraft:iron_axe":1,"minecraft:stick":16,"usefulbackpacks:backpack_large":1,"minecraft:iron_ingot":36,"minecraft:iron_pickaxe":1,"minecraft:stone_pickaxe":1,"minecraft:iron_leggings":1,"usefulbackpacks:backpack_medium":1,"minecraft:shears":1},"minecraft:custom":{"minecraft:interact_with_furnace":22,"minecraft:mob_kills":77,"minecraft:interact_with_crafting_table":13,"minecraft:play_one_minute":38758,"minecraft:leave_game":4,"minecraft:time_since_death":38758,"minecraft:time_since_rest":38758,"minecraft:sprint_one_cm":86334,"minecraft:damage_taken":346,"minecraft:walk_one_cm":97288,"minecraft:damage_blocked_by_shield":190,"minecraft:damage_dealt":7559,"minecraft:swim_one_cm":6838,"minecraft:fly_one_cm":212160,"minecraft:crouch_one_cm":298,"minecraft:sneak_time":221,"minecraft:walk_under_water_one_cm":545,"minecraft:boat_one_cm":17229,"minecraft:jump":913,"minecraft:walk_on_water_one_cm":2843,"minecraft:fall_one_cm":21610}},"DataVersion":2586}