{"stats":{"minecraft:killed_by":{"iceandfire:hippogryph":2},"minecraft:used":{"minecraft:cooked_mutton":3,"minecraft:stone_sword":46,"minecraft:stone_pickaxe":114,"minecraft:chest":1,"minecraft:spruce_planks":1,"minecraft:wooden_pickaxe":18,"minecraft:salmon":6,"minecraft:dirt":3,"minecraft:crafting_table":3,"minecraft:white_bed":1,"minecraft:dark_oak_planks":1,"minecraft:stone_axe":59,"minecraft:cobblestone":23,"minecraft:sweet_berries":23,"minecraft:furnace":1},"minecraft:mined":{"minecraft:dark_oak_planks":1,"minecraft:spruce_planks":1,"minecraft:dark_oak_log":45,"minecraft:crafting_table":3,"minecraft:grass_block":4,"minecraft:poppy":1,"minecraft:chest":1,"minecraft:tall_grass":1,"minecraft:furnace":1,"minecraft:sweet_berry_bush":9,"minecraft:lilac":1,"minecraft:spruce_log":13,"minecraft:grass":5,"minecraft:coal_ore":67,"minecraft:gravel":16,"minecraft:dirt":3,"minecraft:stone":55},"minecraft:killed":{"minecraft:pig":7,"minecraft:salmon":6,"minecraft:sheep":4,"minecraft:skeleton":1,"minecraft:zombie":2,"minecraft:chicken":1,"minecraft:cow":1},"minecraft:dropped":{"minecraft:lilac":2,"minecraft:chicken":1,"minecraft:poppy":4,"minecraft:dirt":1,"minecraft:bone_meal":2},"minecraft:picked_up":{"minecraft:crafting_table":3,"minecraft:lilac":2,"minecraft:chicken":1,"minecraft:salmon":6,"minecraft:wooden_pickaxe":1,"minecraft:flint":5,"minecraft:dirt":8,"minecraft:flint_and_steel":1,"minecraft:cooked_mutton":2,"minecraft:bone":1,"minecraft:gold_nugget":12,"minecraft:spruce_planks":29,"minecraft:beef":6,"minecraft:stone_pickaxe":1,"minecraft:poppy":4,"minecraft:chest":1,"minecraft:furnace":1,"minecraft:stick":5,"minecraft:cooked_porkchop":13,"minecraft:sweet_berries":22,"minecraft:gravel":28,"minecraft:porkchop":13,"minecraft:spruce_log":13,"minecraft:dark_oak_log":43,"minecraft:dark_oak_planks":173,"minecraft:stone_sword":1,"minecraft:arrow":4,"minecraft:golden_hoe":1,"minecraft:bone_meal":2,"minecraft:mutton":5,"minecraft:coal":119,"minecraft:white_wool":5,"minecraft:cobblestone":70},"minecraft:crafted":{"minecraft:crafting_table":1,"minecraft:spruce_planks":52,"minecraft:wooden_pickaxe":1,"minecraft:furnace":1,"minecraft:stone_axe":1,"minecraft:cooked_mutton":5,"minecraft:air":0,"minecraft:stick":12,"minecraft:stone_pickaxe":1,"minecraft:stone_sword":1,"minecraft:chest":1,"minecraft:white_bed":1,"minecraft:dark_oak_planks":172},"minecraft:custom":{"minecraft:interact_with_furnace":6,"minecraft:mob_kills":23,"minecraft:interact_with_crafting_table":8,"minecraft:play_one_minute":45784,"minecraft:leave_game":2,"minecraft:time_since_death":5512,"minecraft:sleep_in_bed":3,"minecraft:time_since_rest":5537,"minecraft:sprint_one_cm":97637,"minecraft:damage_taken":749,"minecraft:walk_one_cm":116830,"minecraft:drop":10,"minecraft:damage_dealt":2529,"minecraft:swim_one_cm":8063,"minecraft:fly_one_cm":184394,"minecraft:open_chest":4,"minecraft:crouch_one_cm":1155,"minecraft:deaths":2,"minecraft:sneak_time":756,"minecraft:walk_under_water_one_cm":6476,"minecraft:jump":1381,"minecraft:walk_on_water_one_cm":21566,"minecraft:fall_one_cm":36730}},"DataVersion":2586}