{"stats":{"minecraft:custom":{"minecraft:interact_with_crafting_table":82,"minecraft:leave_game":28,"minecraft:time_since_death":220,"minecraft:sprint_one_cm":1613632,"minecraft:damage_blocked_by_shield":1272,"minecraft:drop":416,"minecraft:deaths":142,"minecraft:jump":12831,"minecraft:walk_on_water_one_cm":214062,"minecraft:interact_with_furnace":20,"minecraft:play_one_minute":600098,"minecraft:sleep_in_bed":21,"minecraft:damage_dealt":86694,"minecraft:player_kills":3,"minecraft:crouch_one_cm":50747,"minecraft:interact_with_smoker":28,"minecraft:mob_kills":252,"minecraft:climb_one_cm":3450,"minecraft:walk_one_cm":1071714,"minecraft:sneak_time":17809,"minecraft:walk_under_water_one_cm":195532,"minecraft:boat_one_cm":379432,"minecraft:interact_with_blast_furnace":17,"minecraft:time_since_rest":249,"minecraft:damage_taken":45714,"minecraft:swim_one_cm":654893,"minecraft:fly_one_cm":3310554,"minecraft:open_chest":76,"minecraft:fall_one_cm":393498},"minecraft:picked_up":{"iceandfire:deathworm_egg":1,"iceandfire:troll_weapon_hammer":1,"iceandfire:copper_sword":2,"iceandfire:copper_ore":2,"minecraft:prismarine_shard":4,"minecraft:yellow_wool":1,"iceandfire:armor_copper_metal_chestplate":1,"minecraft:diamond_sword":1,"iceandfire:dragonegg_white":1,"iceandfire:armor_silver_metal_chestplate":1,"iceandfire:manuscript":37,"minecraft:string":38,"minecraft:experience_bottle":1,"iceandfire:sea_serpent_scales_bronze":16,"minecraft:sea_pickle":2,"minecraft:gold_nugget":222,"minecraft:bucket":1,"minecraft:iron_pickaxe":1,"iceandfire:dragonscales_red":23,"minecraft:furnace":2,"iceandfire:pixie_dust":10,"minecraft:stick":11,"iceandfire:crackled_dirt":6,"iceandfire:armor_copper_metal_leggings":1,"minecraft:brown_terracotta":16,"minecraft:torch":2,"minecraft:acacia_log":3,"iceandfire:dragonscales_white":175,"iceandfire:silver_ore":2,"minecraft:porkchop":69,"iceandfire:lightning_dragon_flesh":26,"iceandfire:crackled_gravel":15,"minecraft:diorite":202,"iceandfire:armor_silver_metal_boots":1,"minecraft:cactus":1,"minecraft:rotten_flesh":80,"iceandfire:deathworm_chitin_yellow":5,"iceandfire:fire_dragon_heart":2,"iceandfire:crackled_grass":4,"minecraft:white_terracotta":6,"minecraft:obsidian":4,"minecraft:cod":1,"minecraft:cobblestone":3665,"iceandfire:sapphire_gem":8,"minecraft:feather":18,"minecraft:andesite":329,"minecraft:smoker":6,"minecraft:flint":15,"minecraft:smooth_sandstone_stairs":1,"minecraft:lapis_lazuli":64,"minecraft:dirt":62,"iceandfire:ice_dragon_blood":4,"minecraft:bone":89,"minecraft:bow":1,"minecraft:wheat_seeds":44,"minecraft:rabbit":2,"minecraft:oak_planks":25,"iceandfire:dragon_skull_fire":2,"iceandfire:shiny_scales":6,"minecraft:sand":6,"iceandfire:stymphalian_bird_feather":13,"minecraft:ink_sac":11,"iceandfire:lightning_dragon_heart":1,"iceandfire:podium_dark_oak":1,"minecraft:dark_oak_log":6,"minecraft:red_terracotta":26,"iceandfire:pixie_wings":1,"iceandfire:chared_cobblestone":48,"iceandfire:dragonegg_red":1,"minecraft:light_gray_terracotta":6,"minecraft:diamond":15,"minecraft:spruce_boat":5,"iceandfire:crackled_stone":257,"iceandfire:dragonbone_sword_fire":2,"minecraft:granite":196,"minecraft:grass":1,"minecraft:emerald":3,"iceandfire:troll_leather_forest":1,"iceandfire:tide_trident":1,"minecraft:oak_sapling":7,"iceandfire:silver_nugget":179,"iceandfire:dragon_skull_lightning":8,"iceandfire:copper_ingot":9,"minecraft:crafting_table":34,"iceandfire:witherbone":3,"minecraft:chicken":1,"iceandfire:frozen_cobblestone":131,"minecraft:chain":6,"minecraft:cornflower":4,"iceandfire:dragonegg_silver":1,"iceandfire:frozen_splinters":1,"iceandfire:frozen_stone":106,"iceandfire:amythest_gem":4,"iceandfire:bestiary":1,"minecraft:beef":151,"iceandfire:armor_silver_metal_leggings":1,"minecraft:poppy":6,"minecraft:sugar_cane":168,"iceandfire:ice_dragon_heart":2,"minecraft:egg":2,"minecraft:sandstone":1,"iceandfire:dragonbone":293,"iceandfire:dragonscales_green":42,"minecraft:oak_door":2,"iceandfire:deathworm_chitin_red":8,"iceandfire:chared_grass":3,"iceandfire:dragonegg_copper":1,"iceandfire:deathworm_chitin_white":3,"minecraft:trident":2,"minecraft:carrot":1,"minecraft:prismarine_crystals":5,"minecraft:stone_pressure_plate":1,"iceandfire:dragon_skull_ice":3,"minecraft:smooth_sandstone_slab":3,"minecraft:arrow":25,"iceandfire:cyclops_eye":1,"iceandfire:dragonscales_silver":75,"minecraft:hay_block":1,"iceandfire:armor_sapphire_boots":1,"minecraft:gold_ingot":2,"minecraft:mutton":18,"minecraft:rail":8,"minecraft:skeleton_skull":1,"minecraft:white_wool":96,"iceandfire:sea_serpent_fang":21,"minecraft:salmon":3,"minecraft:leather":124,"minecraft:yellow_dye":1,"minecraft:red_mushroom":2,"iceandfire:hippogryph_talon":1,"minecraft:oak_log":25,"minecraft:lily_pad":39,"minecraft:jungle_button":3,"minecraft:yellow_bed":1,"minecraft:gunpowder":14,"minecraft:orange_terracotta":12,"minecraft:smooth_sandstone":1,"minecraft:apple":1,"minecraft:kelp":18,"iceandfire:armor_silver_metal_helmet":1,"minecraft:rabbit_hide":3,"minecraft:iron_ingot":17,"minecraft:cooked_chicken":8,"minecraft:cobweb":24,"minecraft:iron_ore":113,"iceandfire:sea_serpent_scales_deepblue":7,"minecraft:iron_sword":2,"minecraft:acacia_sapling":3,"iceandfire:crackled_cobblestone":178,"minecraft:book":2,"iceandfire:chared_stone":80,"iceandfire:copper_nugget":338,"iceandfire:ash":2,"minecraft:dandelion":1,"minecraft:gravel":8,"minecraft:blast_furnace":1,"minecraft:white_bed":31,"minecraft:spruce_log":19,"minecraft:gold_ore":4,"minecraft:spider_eye":8,"usefulbackpacks:backpack_large":1,"iceandfire:dragonscales_copper":116,"minecraft:purple_bed":12,"iceandfire:silver_sword":1,"iceandfire:cockatrice_skull":1,"iceandfire:sea_serpent_scales_red":17,"iceandfire:ice_dragon_flesh":12,"minecraft:terracotta":21,"minecraft:coal":168},"minecraft:killed":{"iceandfire:hippogryph":8,"minecraft:cave_spider":8,"minecraft:witch":1,"minecraft:spider":11,"iceandfire:stymphalian_bird":1,"minecraft:skeleton":14,"minecraft:pig":20,"minecraft:zombie_villager":2,"iceandfire:cockatrice":4,"minecraft:sheep":3,"minecraft:zombie":40,"iceandfire:pixie":4,"iceandfire:lightning_dragon":6,"iceandfire:sea_serpent":3,"minecraft:cow":66,"minecraft:horse":11,"iceandfire:fire_dragon":3,"iceandfire:siren":2,"minecraft:drowned":4,"iceandfire:deathworm":2,"iceandfire:hippocampus":1,"minecraft:husk":1,"iceandfire:cyclops":2,"iceandfire:troll":1,"iceandfire:ice_dragon":2,"minecraft:enderman":1},"minecraft:dropped":{"iceandfire:chared_stone":67,"minecraft:iron_sword":2,"minecraft:porkchop":4,"minecraft:cooked_beef":18,"iceandfire:dragonscales_silver":31,"minecraft:crafting_table":2,"iceandfire:ice_dragon_flesh":2,"iceandfire:tide_trident":1,"iceandfire:dragonscales_copper":48,"minecraft:rail":8,"minecraft:red_mushroom":2,"minecraft:cod":1,"iceandfire:copper_ingot":9,"minecraft:dirt":43,"minecraft:grass":1,"minecraft:dark_oak_log":6,"minecraft:jungle_button":3,"minecraft:yellow_dye":1,"minecraft:cornflower":2,"minecraft:mutton":6,"iceandfire:armor_silver_metal_leggings":1,"minecraft:chain":6,"minecraft:gold_nugget":16,"iceandfire:ash":2,"minecraft:sand":1,"iceandfire:fire_dragon_blood":3,"minecraft:iron_pickaxe":1,"iceandfire:armor_silver_metal_helmet":1,"minecraft:white_wool":2,"iceandfire:amythest_gem":3,"minecraft:bone":13,"minecraft:oak_door":2,"minecraft:gravel":2,"minecraft:stone_axe":1,"minecraft:yellow_wool":1,"minecraft:rotten_flesh":75,"iceandfire:frozen_stone":95,"minecraft:white_bed":1,"iceandfire:crackled_gravel":10,"minecraft:salmon":3,"iceandfire:copper_ore":2,"minecraft:rabbit_hide":3,"minecraft:poppy":6,"iceandfire:sapphire_gem":1,"iceandfire:armor_silver_metal_boots":1,"minecraft:trident":1,"minecraft:gunpowder":12,"minecraft:skeleton_skull":1,"minecraft:acacia_sapling":1,"iceandfire:crackled_cobblestone":124,"minecraft:iron_ore":13,"minecraft:arrow":2,"iceandfire:armor_copper_metal_leggings":1,"iceandfire:chared_grass":2,"minecraft:egg":2,"minecraft:enchanted_book":2,"minecraft:water_bucket":1,"minecraft:iron_ingot":12,"iceandfire:lightning_dragon_blood":1,"minecraft:wheat_seeds":44,"iceandfire:dragonscales_green":13,"iceandfire:armor_copper_metal_chestplate":1,"minecraft:feather":8,"minecraft:cobblestone":3198,"minecraft:apple":1,"minecraft:granite":175,"iceandfire:lightning_dragon_flesh":10,"minecraft:acacia_log":2,"minecraft:coal":23,"minecraft:cobweb":19,"iceandfire:armor_sapphire_boots":1,"minecraft:diorite":192,"iceandfire:crackled_dirt":6,"minecraft:ink_sac":11,"iceandfire:copper_nugget":306,"minecraft:torch":1,"minecraft:rabbit":2,"iceandfire:armor_silver_metal_chestplate":1,"minecraft:brown_terracotta":16,"iceandfire:crackled_grass":4,"minecraft:smooth_sandstone_slab":3,"minecraft:cactus":1,"minecraft:string":7,"minecraft:smooth_sandstone":1,"minecraft:lily_pad":20,"iceandfire:frozen_cobblestone":96,"minecraft:dandelion":1,"iceandfire:armor_white_chestplate":1,"iceandfire:dragon_skull_fire":1,"iceandfire:dragonbone":43,"iceandfire:silver_nugget":113,"minecraft:kelp":18,"minecraft:light_gray_terracotta":6,"iceandfire:witherbone":3,"minecraft:chicken":1,"iceandfire:dragonbone_sword_fire":2,"iceandfire:silver_ore":2,"minecraft:white_terracotta":6,"minecraft:red_terracotta":26,"minecraft:hay_block":1,"minecraft:sea_pickle":2,"iceandfire:copper_sword":2,"iceandfire:frozen_splinters":1,"minecraft:orange_terracotta":11,"minecraft:spruce_planks":4,"iceandfire:chared_cobblestone":41,"minecraft:andesite":295,"minecraft:yellow_bed":1,"minecraft:oak_sapling":3,"minecraft:spider_eye":8,"minecraft:sandstone":1,"iceandfire:fire_dragon_heart":1,"minecraft:bow":1,"iceandfire:crackled_stone":187,"iceandfire:dragon_skull_lightning":3,"minecraft:terracotta":6},"minecraft:killed_by":{"iceandfire:cyclops":4,"minecraft:creeper":6,"iceandfire:sea_serpent":2,"iceandfire:ice_dragon":35,"minecraft:zombie":2,"iceandfire:fire_dragon":18,"minecraft:player":1,"iceandfire:deathworm":3,"minecraft:enderman":1,"iceandfire:hippogryph":1,"minecraft:skeleton":7,"iceandfire:lightning_dragon":45,"iceandfire:cockatrice":3},"minecraft:mined":{"minecraft:white_bed":29,"minecraft:stone_pressure_plate":1,"iceandfire:podium_dark_oak":1,"minecraft:granite":177,"minecraft:grass_block":6,"minecraft:spawner":1,"iceandfire:crackled_cobblestone":43,"minecraft:tall_seagrass":1,"minecraft:iron_ore":106,"minecraft:fire":67,"iceandfire:chared_cobblestone":19,"minecraft:kelp_plant":1,"minecraft:smoker":6,"minecraft:orange_terracotta":12,"iceandfire:dragon_ice_spikes":3,"minecraft:light_gray_terracotta":6,"minecraft:blast_furnace":1,"minecraft:mushroom_stem":2,"iceandfire:sapphire_ore":2,"minecraft:cobblestone":6,"minecraft:tube_coral_fan":1,"minecraft:sugar_cane":72,"minecraft:wall_torch":1,"minecraft:white_terracotta":6,"iceandfire:crackled_stone":39,"minecraft:grass":52,"minecraft:oak_log":23,"minecraft:sand":4,"minecraft:dirt":37,"minecraft:oak_leaves":10,"iceandfire:chared_stone":29,"minecraft:diamond_ore":14,"iceandfire:silver_ore":4,"iceandfire:frozen_cobblestone":26,"iceandfire:frozen_stone":22,"minecraft:brown_mushroom_block":1,"minecraft:spruce_leaves":5,"minecraft:sandstone":1,"minecraft:large_fern":1,"minecraft:furnace":2,"minecraft:andesite":270,"minecraft:stone":3623,"minecraft:crafting_table":32,"minecraft:cornflower":1,"minecraft:emerald_ore":3,"minecraft:tall_grass":9,"iceandfire:amythest_ore":1,"minecraft:lapis_ore":11,"minecraft:diorite":179,"minecraft:purple_bed":12,"minecraft:red_terracotta":26,"minecraft:ice":29,"minecraft:spruce_log":19,"minecraft:yellow_bed":1,"minecraft:coal_ore":129,"iceandfire:silver_pile":1,"minecraft:gravel":1,"minecraft:cobweb":18,"minecraft:brown_terracotta":16,"minecraft:terracotta":21,"minecraft:gold_ore":2,"minecraft:infested_stone":1},"minecraft:used":{"iceandfire:tide_trident":3,"iceandfire:dragon_skull_ice":3,"minecraft:shield":62,"minecraft:iron_sword":115,"minecraft:grass":1,"minecraft:smooth_sandstone_stairs":1,"minecraft:carrot":2,"iceandfire:frozen_stone":11,"minecraft:acacia_sapling":2,"minecraft:spruce_boat":5,"iceandfire:crackled_gravel":5,"minecraft:bow":12,"iceandfire:chared_stone":13,"minecraft:oak_sapling":4,"minecraft:furnace":2,"iceandfire:frozen_cobblestone":35,"iceandfire:troll_weapon_hammer":28,"minecraft:diorite":5,"minecraft:stone_pickaxe":393,"iceandfire:dragonbone_sword_ice":577,"minecraft:wooden_pickaxe":59,"minecraft:sand":5,"minecraft:blast_furnace":1,"iceandfire:dragonbone_sword_lightning":168,"minecraft:shears":1,"iceandfire:silver_pickaxe":557,"iceandfire:ice_dragon_flesh":1,"minecraft:diamond_sword":95,"iceandfire:dragon_skull_fire":1,"minecraft:andesite":24,"minecraft:cobweb":5,"minecraft:experience_bottle":1,"minecraft:trident":2,"minecraft:enchanting_table":1,"minecraft:acacia_log":1,"minecraft:flint_and_steel":59,"minecraft:cooked_chicken":8,"minecraft:torch":1,"minecraft:dirt":19,"minecraft:granite":18,"iceandfire:podium_dark_oak":1,"minecraft:iron_axe":151,"minecraft:cooked_beef":96,"minecraft:orange_terracotta":1,"minecraft:water_bucket":101,"iceandfire:crackled_stone":7,"iceandfire:dragon_skull_lightning":5,"minecraft:terracotta":15,"minecraft:crafting_table":33,"minecraft:white_bed":33,"minecraft:smoker":6,"minecraft:cornflower":1,"iceandfire:dragonbone_sword_fire":320,"iceandfire:dragonbone_bow":15,"minecraft:iron_pickaxe":3870,"minecraft:stone_axe":58,"minecraft:purple_bed":12,"iceandfire:crackled_cobblestone":54,"minecraft:cobblestone":310,"minecraft:potion":1,"minecraft:cooked_porkchop":22,"iceandfire:chared_grass":1,"minecraft:bucket":102},"minecraft:broken":{"iceandfire:armor_white_boots":3,"minecraft:iron_boots":2,"minecraft:iron_chestplate":2,"iceandfire:armor_white_helmet":3,"minecraft:iron_leggings":2,"iceandfire:silver_pickaxe":1,"minecraft:stone_pickaxe":3,"iceandfire:armor_white_leggings":3,"minecraft:wooden_pickaxe":1,"minecraft:shield":1,"iceandfire:armor_white_chestplate":2,"minecraft:iron_pickaxe":9,"minecraft:iron_helmet":2},"minecraft:crafted":{"minecraft:smooth_stone":3,"minecraft:oak_planks":44,"usefulbackpacks:backpack_small":2,"minecraft:stone":3,"minecraft:iron_boots":2,"iceandfire:dragonbone_sword_lightning":1,"iceandfire:dragonbone_arrow":30,"minecraft:smoker":2,"minecraft:cooked_porkchop":64,"minecraft:crafting_table":2,"minecraft:spruce_planks":76,"minecraft:wooden_pickaxe":1,"minecraft:iron_helmet":2,"iceandfire:wither_shard":6,"iceandfire:armor_white_boots":3,"iceandfire:dragonbone_bow":1,"iceandfire:dragonbone_sword_ice":1,"minecraft:iron_chestplate":2,"minecraft:book":23,"minecraft:paper":168,"minecraft:shield":1,"iceandfire:armor_white_helmet":3,"minecraft:stick":28,"usefulbackpacks:backpack_large":3,"minecraft:iron_ingot":77,"minecraft:iron_pickaxe":9,"iceandfire:armor_white_chestplate":3,"minecraft:shears":1,"minecraft:oak_door":3,"iceandfire:dragonbone_sword_fire":1,"minecraft:furnace":3,"minecraft:blast_furnace":1,"minecraft:iron_axe":1,"minecraft:stone_pickaxe":3,"usefulbackpacks:backpack_medium":2,"minecraft:spruce_boat":1,"minecraft:cooked_beef":114,"minecraft:coal_block":1,"iceandfire:dragonbone_sword":3,"minecraft:enchanting_table":1,"iceandfire:tide_trident":1,"minecraft:iron_sword":1,"minecraft:bucket":2,"minecraft:stone_axe":1,"minecraft:air":0,"minecraft:blue_dye":1,"iceandfire:armor_white_leggings":3,"minecraft:iron_leggings":2,"minecraft:white_bed":2,"iceandfire:silver_pickaxe":2}},"DataVersion":2586}