{"stats":{"minecraft:dropped":{"iceandfire:chared_stone":331,"minecraft:iron_sword":3,"minecraft:porkchop":4,"minecraft:cooked_beef":18,"minecraft:crafting_table":2,"iceandfire:dragonscales_copper":156,"minecraft:cracked_stone_bricks":1,"iceandfire:deathworm_egg_giant":2,"minecraft:rail":28,"minecraft:red_mushroom":4,"minecraft:emerald":2,"minecraft:dirt":1507,"minecraft:grass":1,"minecraft:yellow_dye":1,"minecraft:chain":18,"minecraft:jungle_sapling":1,"minecraft:gold_nugget":220,"minecraft:sand":1,"iceandfire:fire_dragon_blood":3,"minecraft:iron_pickaxe":1,"iceandfire:armor_silver_metal_helmet":1,"minecraft:white_wool":4,"iceandfire:amythest_gem":3,"minecraft:bone":21,"minecraft:oak_door":2,"minecraft:stone_axe":1,"minecraft:birch_sapling":1,"minecraft:obsidian":6,"minecraft:rotten_flesh":189,"minecraft:oak_planks":3,"minecraft:azure_bluet":11,"minecraft:white_bed":1,"iceandfire:crackled_gravel":15,"minecraft:salmon":4,"iceandfire:copper_ore":2,"iceandfire:sapphire_gem":4,"minecraft:acacia_sapling":9,"iceandfire:crackled_cobblestone":403,"iceandfire:deathworm_chitin_white":5,"minecraft:beef":1,"iceandfire:manuscript":31,"minecraft:egg":7,"minecraft:enchanted_book":2,"minecraft:iron_ingot":82,"minecraft:wheat_seeds":165,"minecraft:book":2,"minecraft:yellow_terracotta":2,"minecraft:iron_helmet":1,"minecraft:feather":11,"minecraft:cobblestone":4701,"minecraft:apple":1,"minecraft:granite":249,"minecraft:coal":29,"minecraft:cobweb":40,"minecraft:ink_sac":12,"iceandfire:copper_nugget":891,"minecraft:rabbit":2,"minecraft:brown_terracotta":16,"minecraft:smooth_sandstone_slab":3,"minecraft:string":33,"minecraft:smooth_sandstone":1,"minecraft:lily_pad":20,"iceandfire:frozen_cobblestone":278,"iceandfire:dragon_skull_fire":8,"minecraft:spruce_sapling":3,"iceandfire:armor_white_chestplate":1,"iceandfire:silver_nugget":328,"minecraft:soul_soil":13,"minecraft:chicken":4,"minecraft:iron_boots":3,"iceandfire:dragon_skull_ice":8,"iceandfire:armor_copper_metal_helmet":1,"minecraft:white_terracotta":12,"minecraft:hay_block":1,"minecraft:stone":57,"minecraft:sea_pickle":2,"iceandfire:myrmex_desert_biolight":1,"iceandfire:frozen_splinters":1,"minecraft:spruce_planks":4,"minecraft:diamond_pickaxe":1,"iceandfire:silver_ingot":6,"minecraft:yellow_bed":1,"minecraft:spider_eye":12,"minecraft:sandstone":1,"minecraft:red_sand":1,"minecraft:bow":2,"iceandfire:crackled_stone":662,"iceandfire:dragon_skull_lightning":12,"minecraft:terracotta":17,"minecraft:gold_ore":2,"minecraft:soul_sand":2,"minecraft:brown_mushroom":6,"minecraft:oak_log":15,"iceandfire:silver_axe":2,"iceandfire:dragonscales_silver":31,"iceandfire:chared_dirt":1,"iceandfire:ice_dragon_flesh":2,"minecraft:leather":2,"iceandfire:tide_trident":2,"minecraft:cod":7,"minecraft:flint":4,"iceandfire:copper_ingot":36,"minecraft:dark_oak_log":6,"minecraft:jungle_button":3,"minecraft:cornflower":4,"minecraft:mutton":13,"iceandfire:armor_silver_metal_leggings":1,"iceandfire:ash":4,"minecraft:gold_ingot":3,"minecraft:gravel":14,"minecraft:yellow_wool":1,"iceandfire:frozen_stone":426,"iceandfire:myrmex_resin_desert":16,"minecraft:carrot":1,"minecraft:poppy":8,"minecraft:rabbit_hide":4,"iceandfire:armor_silver_metal_boots":4,"minecraft:gunpowder":33,"minecraft:trident":1,"minecraft:skeleton_skull":2,"minecraft:beetroot_seeds":2,"minecraft:chest":1,"minecraft:iron_ore":55,"minecraft:arrow":26,"iceandfire:armor_copper_metal_leggings":1,"iceandfire:chared_grass":2,"minecraft:oak_leaves":28,"minecraft:netherrack":2,"iceandfire:silver_pickaxe":2,"minecraft:water_bucket":2,"iceandfire:lightning_dragon_blood":1,"iceandfire:deathworm_egg":2,"iceandfire:dragonscales_green":18,"iceandfire:myrmex_jungle_egg":1,"minecraft:diamond_leggings":1,"iceandfire:armor_copper_metal_chestplate":1,"iceandfire:lightning_dragon_flesh":23,"minecraft:acacia_log":4,"minecraft:stick":12,"iceandfire:armor_sapphire_boots":1,"minecraft:blue_dye":1,"minecraft:diorite":450,"iceandfire:crackled_dirt":6,"minecraft:torch":2,"iceandfire:armor_silver_metal_chestplate":1,"minecraft:iron_leggings":1,"iceandfire:crackled_grass":5,"minecraft:orange_bed":1,"minecraft:cactus":1,"minecraft:bucket":1,"minecraft:dandelion":1,"iceandfire:dragonbone":88,"minecraft:kelp":65,"minecraft:sweet_berries":7,"iceandfire:lightning_dragon_heart":2,"minecraft:light_gray_terracotta":9,"iceandfire:witherbone":8,"iceandfire:dragonbone_sword_fire":2,"iceandfire:silver_ore":2,"iceandfire:dragonbone_sword_ice":3,"minecraft:warped_door":1,"minecraft:red_terracotta":34,"minecraft:flint_and_steel":1,"minecraft:oak_button":1,"iceandfire:copper_sword":2,"minecraft:diamond_chestplate":2,"minecraft:orange_terracotta":23,"iceandfire:chared_cobblestone":225,"minecraft:andesite":444,"minecraft:oak_sapling":12,"minecraft:spruce_log":34,"minecraft:slime_ball":5,"iceandfire:fire_dragon_heart":1},"minecraft:picked_up":{"iceandfire:copper_sword":2,"minecraft:creeper_head":2,"iceandfire:copper_ore":2,"minecraft:prismarine_shard":4,"minecraft:lead":2,"minecraft:diamond_sword":1,"minecraft:enchanted_book":4,"iceandfire:manuscript":70,"minecraft:string":74,"iceandfire:myrmex_desert_biolight":1,"minecraft:soul_soil":63,"minecraft:diamond_leggings":2,"minecraft:gold_nugget":442,"iceandfire:myrmex_desert_resin":14,"minecraft:dark_oak_door":3,"minecraft:acacia_log":127,"iceandfire:silver_ore":4,"iceandfire:dragonscale_green":33,"iceandfire:lightning_dragon_flesh":91,"iceandfire:dragonscale_white":1,"minecraft:rabbit_foot":1,"minecraft:orange_bed":5,"iceandfire:armor_silver_metal_boots":5,"iceandfire:deathworm_chitin_yellow":17,"iceandfire:fire_dragon_heart":4,"minecraft:bookshelf":4,"minecraft:white_terracotta":12,"minecraft:birch_log":104,"iceandfire:dragonscales_black":165,"iceandfire:sapphire_gem":34,"minecraft:feather":51,"minecraft:cooked_beef":80,"iceandfire:dragonscale_sapphire":9,"minecraft:water_bucket":1,"minecraft:dark_oak_boat":3,"minecraft:smoker":11,"minecraft:flint":34,"iceandfire:dragonegg_sapphire":2,"iceandfire:ice_dragon_blood":4,"minecraft:chipped_anvil":1,"minecraft:stonecutter":38,"minecraft:rabbit":15,"iceandfire:dragonscales_amythest":86,"iceandfire:dragonscales_sapphire":118,"iceandfire:dragon_skull_fire":9,"iceandfire:shiny_scales":6,"iceandfire:stymphalian_bird_feather":13,"minecraft:ink_sac":12,"iceandfire:lightning_dragon_heart":10,"minecraft:dark_oak_log":6,"iceandfire:myrmex_stinger":5,"minecraft:red_terracotta":34,"iceandfire:chared_cobblestone":264,"iceandfire:crackled_stone":737,"iceandfire:troll_weapon_axe":1,"iceandfire:dragonegg_blue":1,"minecraft:granite":280,"iceandfire:myrmex_desert_egg":2,"iceandfire:troll_leather_forest":23,"iceandfire:gorgon_head":1,"minecraft:diamond_pickaxe":1,"iceandfire:dragon_skull_lightning":20,"minecraft:crafting_table":43,"iceandfire:witherbone":58,"minecraft:cornflower":8,"iceandfire:frozen_grass":1,"iceandfire:dragonegg_silver":1,"iceandfire:frozen_splinters":1,"minecraft:cracked_stone_bricks":1,"iceandfire:bestiary":1,"minecraft:beef":214,"iceandfire:armor_silver_metal_leggings":1,"minecraft:jungle_sapling":1,"minecraft:poppy":9,"minecraft:chest":1,"minecraft:birch_sapling":3,"minecraft:piston":1,"minecraft:egg":11,"minecraft:sandstone":2,"minecraft:stone":130,"minecraft:oak_door":2,"iceandfire:dragonegg_copper":2,"iceandfire:deathworm_chitin_white":37,"minecraft:carrot":2,"minecraft:redstone":204,"minecraft:prismarine_crystals":5,"iceandfire:dragon_skull_ice":11,"minecraft:tnt":2,"minecraft:beetroot_seeds":3,"iceandfire:dragonscales_silver":183,"minecraft:diamond_boots":1,"minecraft:hay_block":72,"minecraft:yellow_terracotta":2,"minecraft:gold_ingot":5,"minecraft:mutton":41,"minecraft:white_wool":106,"minecraft:bone_block":235,"minecraft:rail":28,"minecraft:stripped_oak_log":4,"iceandfire:sea_serpent_fang":38,"minecraft:yellow_dye":1,"minecraft:red_mushroom":8,"iceandfire:hippogryph_talon":1,"minecraft:oak_log":343,"minecraft:lily_pad":39,"minecraft:jungle_button":3,"iceandfire:armor_copper_metal_helmet":1,"iceandfire:dragonscales_blue":69,"minecraft:apple":2,"minecraft:kelp":65,"minecraft:iron_ore":157,"minecraft:cobweb":45,"minecraft:iron_sword":3,"iceandfire:chared_stone":368,"iceandfire:copper_nugget":1013,"minecraft:sweet_berries":8,"minecraft:gravel":17,"minecraft:spruce_sapling":4,"minecraft:spruce_log":85,"iceandfire:dragonscales_copper":268,"minecraft:coal_ore":2,"minecraft:purple_bed":30,"minecraft:slime_ball":5,"iceandfire:silver_sword":1,"iceandfire:cockatrice_skull":1,"iceandfire:myrmex_jungle_egg":2,"iceandfire:ice_dragon_flesh":63,"minecraft:oak_button":2,"minecraft:ender_pearl":4,"iceandfire:deathworm_egg":2,"iceandfire:troll_weapon_hammer":2,"minecraft:yellow_wool":1,"iceandfire:armor_copper_metal_chestplate":1,"iceandfire:dragonegg_white":1,"iceandfire:myrmex_jungle_chitin":18,"iceandfire:armor_silver_metal_chestplate":1,"iceandfire:sea_serpent_scales_teal":3,"minecraft:iron_leggings":1,"minecraft:sticky_piston":2,"minecraft:experience_bottle":1,"minecraft:zombie_head":1,"iceandfire:sea_serpent_scales_bronze":24,"minecraft:sea_pickle":2,"minecraft:red_sand":1,"minecraft:bucket":1,"minecraft:cobblestone_slab":15,"iceandfire:dragonscale_bronze":6,"minecraft:iron_pickaxe":1,"iceandfire:dragonscales_red":23,"minecraft:iron_boots":5,"minecraft:furnace":2,"iceandfire:pixie_dust":10,"minecraft:stick":52,"iceandfire:crackled_dirt":6,"iceandfire:armor_copper_metal_leggings":1,"minecraft:brown_terracotta":16,"minecraft:oak_fence":2,"minecraft:torch":49,"iceandfire:dragonscales_white":231,"minecraft:porkchop":191,"iceandfire:crackled_gravel":31,"minecraft:diorite":528,"iceandfire:troll_weapon_column_forest":1,"minecraft:cactus":1,"minecraft:rotten_flesh":215,"iceandfire:crackled_grass":5,"iceandfire:myrmex_desert_chitin":19,"minecraft:obsidian":31,"minecraft:cod":7,"minecraft:cobblestone":7426,"minecraft:repeater":2,"minecraft:andesite":537,"minecraft:smooth_sandstone_stairs":2,"minecraft:lapis_lazuli":70,"minecraft:dirt":2025,"iceandfire:dragonbone_sword_ice":3,"minecraft:name_tag":1,"minecraft:bone":266,"iceandfire:myrmex_jungle_resin":14,"minecraft:bow":4,"minecraft:wheat_seeds":165,"minecraft:oak_planks":31,"iceandfire:amphithere_feather":5,"minecraft:sand":27,"iceandfire:podium_dark_oak":1,"iceandfire:pixie_wings":1,"iceandfire:dragonegg_red":2,"minecraft:light_gray_terracotta":9,"minecraft:sugar":3,"minecraft:diamond":15,"minecraft:slime_block":4,"minecraft:spruce_boat":12,"iceandfire:dragonbone_sword_fire":2,"minecraft:grass":1,"minecraft:bone_meal":1,"minecraft:emerald":7,"minecraft:oak_sapling":51,"iceandfire:tide_trident":2,"minecraft:netherrack":13,"iceandfire:silver_nugget":458,"minecraft:oak_leaves":127,"iceandfire:copper_ingot":36,"minecraft:azure_bluet":11,"minecraft:chicken":4,"iceandfire:fire_lily":1,"minecraft:brown_mushroom":6,"iceandfire:chain":12,"iceandfire:frozen_cobblestone":389,"minecraft:chain":24,"minecraft:oak_trapdoor":2,"iceandfire:frozen_stone":427,"iceandfire:amythest_gem":13,"minecraft:detector_rail":1,"minecraft:lectern":125,"minecraft:sugar_cane":168,"iceandfire:ice_dragon_heart":8,"minecraft:dark_oak_sapling":1,"iceandfire:dragonbone":688,"iceandfire:dragonscales_green":160,"iceandfire:troll_tusk":8,"iceandfire:deathworm_chitin_red":30,"iceandfire:chared_grass":3,"iceandfire:myrmex_resin_desert":16,"minecraft:trident":2,"iceandfire:deathworm_egg_giant":5,"minecraft:stone_pressure_plate":1,"minecraft:smooth_sandstone_slab":4,"iceandfire:silver_ingot":4,"minecraft:arrow":102,"iceandfire:sea_serpent_scales_purple":6,"iceandfire:cyclops_eye":2,"iceandfire:chared_dirt":1,"iceandfire:armor_sapphire_boots":1,"iceandfire:myrmex_resin_sticky_desert":5,"iceandfire:troll_weapon_trunk":1,"minecraft:skeleton_skull":2,"iceandfire:silver_axe":1,"minecraft:salmon":4,"minecraft:leather":187,"iceandfire:ectoplasm":3,"minecraft:yellow_bed":1,"minecraft:gunpowder":46,"minecraft:orange_terracotta":31,"iceandfire:deathworm_tounge":1,"minecraft:smooth_sandstone":3,"iceandfire:armor_silver_metal_helmet":1,"minecraft:rabbit_hide":15,"minecraft:iron_ingot":105,"minecraft:cooked_chicken":42,"iceandfire:sea_serpent_scales_deepblue":7,"iceandfire:fire_dragon_flesh":18,"minecraft:acacia_sapling":14,"minecraft:soul_sand":2,"iceandfire:crackled_cobblestone":486,"minecraft:book":4,"iceandfire:dragonegg_black":1,"iceandfire:ash":4,"minecraft:quartz":40,"minecraft:dandelion":2,"minecraft:blast_furnace":1,"minecraft:white_bed":58,"minecraft:gold_ore":5,"minecraft:spider_eye":16,"usefulbackpacks:backpack_large":3,"iceandfire:silver_pickaxe":2,"minecraft:iron_helmet":1,"iceandfire:sea_serpent_scales_red":17,"minecraft:terracotta":36,"minecraft:coal":209},"minecraft:killed_by":{"minecraft:zombie":2,"iceandfire:myrmex_soldier":1,"iceandfire:ghost":1,"iceandfire:cockatrice":8,"iceandfire:cyclops":8,"minecraft:creeper":12,"iceandfire:sea_serpent":4,"iceandfire:ice_dragon":49,"iceandfire:fire_dragon":50,"minecraft:player":7,"iceandfire:deathworm":6,"iceandfire:myrmex_worker":1,"minecraft:spider":2,"minecraft:enderman":1,"iceandfire:hippogryph":1,"minecraft:skeleton":9,"iceandfire:lightning_dragon":99},"minecraft:killed":{"minecraft:cave_spider":8,"iceandfire:hippogryph":9,"iceandfire:gorgon":1,"iceandfire:stymphalian_bird":1,"minecraft:skeleton":206,"minecraft:chicken":1,"iceandfire:myrmex_worker":10,"minecraft:magma_cube":5,"iceandfire:cockatrice":14,"minecraft:zombie":274,"iceandfire:myrmex_queen":2,"iceandfire:lightning_dragon":15,"iceandfire:sea_serpent":6,"minecraft:cow":91,"minecraft:horse":11,"iceandfire:siren":2,"iceandfire:hippocampus":1,"minecraft:husk":2,"iceandfire:cyclops":3,"minecraft:rabbit":10,"iceandfire:ghost":9,"iceandfire:ice_dragon":3,"minecraft:enderman":2,"minecraft:witch":3,"minecraft:spider":48,"minecraft:piglin":2,"minecraft:pig":59,"minecraft:zombie_villager":10,"minecraft:creeper":171,"minecraft:sheep":4,"minecraft:trader_llama":1,"minecraft:ghast":2,"iceandfire:pixie":4,"iceandfire:fire_dragon":4,"minecraft:drowned":6,"iceandfire:deathworm":12,"iceandfire:amphithere":1,"iceandfire:troll":7,"iceandfire:myrmex_soldier":6,"minecraft:wither_skeleton":1},"minecraft:custom":{"minecraft:interact_with_crafting_table":198,"minecraft:leave_game":55,"minecraft:time_since_death":82548,"minecraft:damage_blocked_by_shield":1272,"minecraft:deaths":307,"minecraft:jump":36545,"minecraft:enchant_item":59,"minecraft:interact_with_furnace":43,"minecraft:traded_with_villager":125,"minecraft:sleep_in_bed":94,"minecraft:damage_dealt":211112,"minecraft:interact_with_smoker":52,"minecraft:inspect_dispenser":21,"minecraft:interact_with_anvil":19,"minecraft:inspect_hopper":19,"minecraft:sneak_time":82740,"minecraft:interact_with_blast_furnace":17,"minecraft:time_since_rest":22170,"minecraft:swim_one_cm":1250002,"minecraft:fly_one_cm":10533173,"minecraft:open_chest":458,"minecraft:fall_one_cm":1084418,"minecraft:sprint_one_cm":4559227,"minecraft:drop":1078,"minecraft:talked_to_villager":230,"minecraft:walk_on_water_one_cm":518540,"minecraft:play_one_minute":1967650,"minecraft:player_kills":11,"minecraft:crouch_one_cm":231416,"minecraft:mob_kills":1116,"minecraft:climb_one_cm":13575,"minecraft:walk_one_cm":3644097,"minecraft:walk_under_water_one_cm":609712,"minecraft:boat_one_cm":794063,"minecraft:interact_with_grindstone":49,"minecraft:damage_taken":96363,"minecraft:trigger_trapped_chest":7},"minecraft:used":{"iceandfire:dragonforge_fire_input":1,"minecraft:dispenser":1,"iceandfire:dragon_skull_ice":3,"minecraft:chest":8,"minecraft:stone":11,"minecraft:acacia_sapling":5,"iceandfire:frozen_grass":1,"iceandfire:dragonegg_green":1,"minecraft:spruce_boat":13,"iceandfire:dragonegg_electric":1,"iceandfire:crackled_gravel":16,"minecraft:birch_sapling":2,"minecraft:bow":65,"minecraft:dark_oak_boat":3,"iceandfire:chared_stone":13,"minecraft:sweet_berries":1,"minecraft:oak_sapling":66,"minecraft:furnace":3,"minecraft:egg":4,"iceandfire:frozen_cobblestone":57,"iceandfire:troll_weapon_hammer":28,"minecraft:diorite":31,"iceandfire:dragonbone_sword_ice":1818,"minecraft:wooden_pickaxe":59,"minecraft:oak_leaves":6,"minecraft:sand":15,"iceandfire:dragonforge_ice_input":1,"minecraft:blast_furnace":1,"iceandfire:silver_pickaxe":3548,"iceandfire:lightning_dragon_flesh":4,"minecraft:lectern":125,"iceandfire:chared_cobblestone":8,"minecraft:diamond_sword":529,"iceandfire:dragon_bone_block":8,"iceandfire:dragonforge_ice_core_disabled":1,"iceandfire:dragonegg_silver":1,"minecraft:oak_trapdoor":66,"minecraft:enchanting_table":1,"iceandfire:dragonforge_ice_brick":17,"iceandfire:silver_sword":2,"minecraft:acacia_log":1,"minecraft:netherrack":6,"minecraft:orange_bed":4,"minecraft:torch":3608,"minecraft:anvil":1,"minecraft:dead_tube_coral":1,"iceandfire:dragonegg_sapphire":2,"minecraft:chipped_anvil":1,"iceandfire:podium_dark_oak":1,"minecraft:iron_axe":163,"minecraft:slime_block":14,"minecraft:beef":7,"minecraft:orange_terracotta":3,"minecraft:observer":3,"minecraft:water_bucket":329,"minecraft:rabbit":3,"minecraft:smooth_sandstone_slab":1,"iceandfire:crackled_stone":16,"minecraft:fletching_table":1,"iceandfire:dragon_skull_lightning":7,"minecraft:comparator":1,"minecraft:tnt":5,"minecraft:crafting_table":43,"iceandfire:dragonegg_white":1,"minecraft:white_bed":65,"minecraft:cornflower":2,"minecraft:diamond_shovel":1961,"iceandfire:dragonbone_sword_fire":668,"minecraft:iron_pickaxe":3870,"minecraft:oak_button":2,"iceandfire:dragon_horn":31,"iceandfire:dragonsteel_ice_sword":191,"minecraft:spruce_sapling":1,"iceandfire:myrmex_jungle_egg":1,"minecraft:purple_bed":33,"iceandfire:crackled_cobblestone":64,"minecraft:cobblestone":3276,"minecraft:potion":1,"minecraft:porkchop":3,"minecraft:cooked_porkchop":105,"minecraft:stripped_oak_log":4,"minecraft:dandelion":1,"iceandfire:tide_trident":101,"minecraft:dead_tube_coral_fan":4,"minecraft:shield":62,"minecraft:iron_sword":115,"minecraft:creeper_head":1,"minecraft:grass":1,"minecraft:smooth_sandstone_stairs":2,"minecraft:carrot":2,"iceandfire:frozen_stone":13,"iceandfire:dragonegg_blue":1,"minecraft:obsidian":21,"iceandfire:dragonscale_white":9,"minecraft:coal_ore":2,"minecraft:repeater":3,"minecraft:hay_block":1,"minecraft:dark_oak_sapling":1,"minecraft:stone_pickaxe":393,"minecraft:oak_planks":3,"minecraft:sandstone":1,"minecraft:diamond_axe":699,"iceandfire:dragonbone_sword_lightning":406,"iceandfire:silver_axe":80,"minecraft:shears":186,"minecraft:sticky_piston":3,"minecraft:lever":1,"minecraft:bread":75,"iceandfire:ice_dragon_flesh":2,"minecraft:gravel":1,"iceandfire:dragon_skull_fire":1,"minecraft:andesite":47,"iceandfire:dragonegg_red":1,"minecraft:bone_meal":12,"minecraft:cobweb":5,"minecraft:experience_bottle":4,"minecraft:oak_fence":3,"minecraft:trident":2,"minecraft:flint_and_steel":146,"minecraft:redstone":28,"minecraft:cooked_chicken":36,"minecraft:dirt":525,"minecraft:hopper":6,"iceandfire:dragonsteel_ice_pickaxe":2143,"minecraft:granite":26,"minecraft:bookshelf":4,"iceandfire:dragonforge_fire_core_disabled":1,"minecraft:smooth_sandstone":2,"iceandfire:dragonforge_fire_brick":17,"minecraft:soul_soil":42,"minecraft:minecart":2,"minecraft:cooked_beef":150,"minecraft:iron_ore":1,"minecraft:stonecutter":38,"minecraft:cobblestone_slab":38,"minecraft:terracotta":19,"minecraft:red_mushroom":4,"minecraft:dark_oak_door":4,"minecraft:smoker":11,"minecraft:piston":6,"minecraft:apple":4,"iceandfire:dragonbone_bow":136,"minecraft:detector_rail":2,"minecraft:stone_axe":58,"iceandfire:chared_grass":1,"minecraft:bucket":325},"minecraft:crafted":{"minecraft:smooth_stone":3,"minecraft:slime_block":6,"minecraft:lever":1,"minecraft:diamond_shovel":1,"minecraft:repeater":1,"iceandfire:dragonbone_arrow":30,"minecraft:stone_pressure_plate":1,"iceandfire:silver_axe":1,"minecraft:glass_bottle":9,"minecraft:emerald":118,"minecraft:cooked_porkchop":120,"minecraft:diamond_axe":1,"iceandfire:dragonsteel_ice_boots":1,"iceandfire:wither_shard":6,"minecraft:sticky_piston":1,"minecraft:fletching_table":1,"iceandfire:dragonbone_sword_ice":1,"iceandfire:armor_white_helmet":4,"usefulbackpacks:backpack_large":5,"minecraft:iron_pickaxe":9,"iceandfire:armor_white_chestplate":4,"minecraft:iron_block":50,"iceandfire:dragon_horn":8,"iceandfire:dragonbone_sword_fire":1,"iceandfire:dragonforge_ice_brick":32,"iceandfire:dragon_flute":1,"minecraft:bone_meal":1625,"minecraft:detector_rail":6,"minecraft:stone_pickaxe":3,"minecraft:spruce_boat":2,"iceandfire:deathworm_gauntlet_white":1,"iceandfire:chain":2,"minecraft:wheat":630,"minecraft:coal_block":1,"iceandfire:dragonbone_sword":3,"iceandfire:dragonforge_ice_input":1,"minecraft:enchanting_table":1,"iceandfire:dragonforge_fire_input":1,"minecraft:enchanted_book":7,"iceandfire:armor_white_leggings":4,"minecraft:iron_leggings":2,"minecraft:white_bed":4,"iceandfire:silver_pickaxe":4,"iceandfire:dragonforge_fire_brick":32,"minecraft:oak_planks":1792,"minecraft:cobblestone_slab":24,"usefulbackpacks:backpack_small":3,"minecraft:stone":35,"minecraft:hopper":6,"minecraft:bow":1,"minecraft:iron_boots":2,"iceandfire:dragonbone_sword_lightning":1,"minecraft:comparator":1,"minecraft:chest":14,"minecraft:oak_button":1,"minecraft:stone_bricks":64,"minecraft:oak_fence":3,"minecraft:smoker":2,"minecraft:crafting_table":4,"minecraft:spruce_planks":136,"iceandfire:dragonsteel_ice_helmet":1,"minecraft:wooden_pickaxe":1,"minecraft:iron_helmet":2,"iceandfire:armor_white_boots":4,"iceandfire:dragonbone_bow":1,"minecraft:dispenser":1,"minecraft:tnt":2,"minecraft:book":23,"minecraft:iron_chestplate":2,"minecraft:paper":168,"minecraft:shield":1,"minecraft:stick":3928,"minecraft:iron_ingot":86,"minecraft:redstone_torch":6,"iceandfire:dragonforge_fire_core_disabled":1,"minecraft:shears":1,"minecraft:oak_door":3,"iceandfire:dragon_stick":1,"minecraft:furnace":4,"minecraft:blast_furnace":1,"minecraft:piston":6,"iceandfire:dragonsteel_ice_leggings":1,"minecraft:oak_trapdoor":56,"minecraft:flint_and_steel":2,"minecraft:iron_axe":1,"usefulbackpacks:backpack_medium":3,"iceandfire:dragonsteel_ice_pickaxe":1,"minecraft:minecart":1,"minecraft:observer":6,"minecraft:cooked_beef":114,"iceandfire:dragonscale_red":1,"minecraft:red_dye":1,"iceandfire:dragon_meal":79,"iceandfire:tide_trident":1,"minecraft:iron_sword":1,"iceandfire:dragonforge_ice_core_disabled":1,"minecraft:bucket":2,"minecraft:stone_axe":1,"minecraft:air":0,"minecraft:bread":210,"minecraft:blue_dye":2,"minecraft:anvil":1,"iceandfire:dragonsteel_ice_axe":1,"minecraft:acacia_planks":460,"iceandfire:dragonsteel_ice_ingot":22},"minecraft:broken":{"iceandfire:armor_white_boots":4,"minecraft:shears":1,"minecraft:iron_boots":2,"minecraft:iron_chestplate":2,"minecraft:iron_leggings":2,"iceandfire:armor_white_leggings":4,"iceandfire:armor_silver_metal_chestplate":1,"minecraft:diamond_leggings":2,"minecraft:wooden_pickaxe":1,"minecraft:shield":1,"iceandfire:armor_white_chestplate":3,"minecraft:iron_axe":1,"minecraft:iron_pickaxe":9,"minecraft:iron_helmet":2,"iceandfire:armor_white_helmet":4,"iceandfire:silver_pickaxe":4,"minecraft:stone_pickaxe":3,"iceandfire:armor_silver_metal_boots":1,"minecraft:diamond_chestplate":2,"minecraft:flint_and_steel":2},"minecraft:mined":{"minecraft:white_bed":53,"iceandfire:myrmex_resin_desert":3,"iceandfire:podium_dark_oak":1,"minecraft:jungle_leaves":1,"minecraft:obsidian":21,"minecraft:granite":235,"minecraft:red_sand":1,"minecraft:acacia_log":100,"minecraft:spawner":1,"minecraft:tall_seagrass":3,"minecraft:sticky_piston":2,"minecraft:fire":183,"minecraft:orange_bed":4,"minecraft:kelp_plant":1,"minecraft:smoker":11,"minecraft:soul_fire":14,"iceandfire:myrmex_resin_sticky_desert":3,"minecraft:torch":21,"minecraft:blast_furnace":1,"minecraft:dead_bush":6,"minecraft:creeper_wall_head":1,"iceandfire:sapphire_ore":2,"minecraft:tube_coral_fan":1,"minecraft:sugar_cane":72,"minecraft:white_terracotta":6,"minecraft:repeater":1,"iceandfire:crackled_stone":108,"minecraft:grass":161,"minecraft:stonecutter":38,"minecraft:piston":1,"iceandfire:silver_ore":6,"minecraft:redstone_wire":3,"minecraft:redstone_ore":35,"minecraft:andesite":431,"minecraft:cobblestone_slab":14,"minecraft:bone_block":234,"minecraft:soul_sand":2,"minecraft:cornflower":3,"minecraft:emerald_ore":3,"minecraft:tall_grass":30,"minecraft:diorite":386,"minecraft:purple_bed":29,"minecraft:red_terracotta":26,"minecraft:spruce_log":85,"minecraft:birch_leaves":3,"iceandfire:silver_pile":1,"minecraft:gravel":4,"minecraft:cobweb":18,"minecraft:brown_terracotta":16,"minecraft:oak_button":1,"minecraft:chipped_anvil":1,"minecraft:gold_ore":2,"minecraft:fern":1,"minecraft:infested_stone":1,"minecraft:stone_pressure_plate":1,"minecraft:oak_sapling":2,"minecraft:grass_block":1177,"minecraft:soul_soil":58,"iceandfire:crackled_cobblestone":110,"minecraft:iron_ore":122,"iceandfire:dragonscale_white":1,"iceandfire:chared_cobblestone":104,"minecraft:orange_terracotta":15,"iceandfire:dragon_ice_spikes":38,"minecraft:light_gray_terracotta":6,"minecraft:poppy":2,"minecraft:mushroom_stem":2,"iceandfire:fire_lily":1,"minecraft:nether_quartz_ore":16,"minecraft:cobblestone":644,"minecraft:slime_block":6,"minecraft:wall_torch":1,"minecraft:seagrass":3,"minecraft:dark_oak_door":3,"minecraft:birch_log":105,"minecraft:tnt":3,"minecraft:oak_log":331,"minecraft:sand":30,"minecraft:dirt":858,"minecraft:netherrack":13,"minecraft:oak_leaves":332,"iceandfire:chared_stone":121,"minecraft:diamond_ore":14,"iceandfire:frozen_cobblestone":166,"iceandfire:crackled_gravel":11,"iceandfire:frozen_stone":152,"minecraft:brown_mushroom_block":1,"minecraft:spruce_leaves":21,"minecraft:sandstone":2,"minecraft:large_fern":4,"minecraft:hay_block":71,"minecraft:oak_trapdoor":2,"minecraft:furnace":2,"minecraft:bookshelf":4,"minecraft:stone":6546,"minecraft:acacia_leaves":5,"minecraft:oak_fence":2,"minecraft:crafting_table":40,"minecraft:lectern":125,"iceandfire:amythest_ore":2,"minecraft:lapis_ore":11,"minecraft:sweet_berry_bush":2,"minecraft:ice":29,"minecraft:yellow_bed":1,"minecraft:coal_ore":149,"minecraft:terracotta":21}},"DataVersion":2586}