{"stats":{"minecraft:custom":{"minecraft:interact_with_crafting_table":145,"minecraft:leave_game":26,"minecraft:time_since_death":822,"minecraft:sprint_one_cm":1272651,"minecraft:damage_blocked_by_shield":73,"minecraft:drop":343,"minecraft:deaths":125,"minecraft:jump":11947,"minecraft:walk_on_water_one_cm":150709,"minecraft:interact_with_furnace":23,"minecraft:play_one_minute":605614,"minecraft:sleep_in_bed":22,"minecraft:damage_dealt":51083,"minecraft:player_kills":1,"minecraft:crouch_one_cm":5586,"minecraft:interact_with_smoker":19,"minecraft:interact_with_anvil":3,"minecraft:mob_kills":247,"minecraft:climb_one_cm":2540,"minecraft:walk_one_cm":849217,"minecraft:sneak_time":3323,"minecraft:walk_under_water_one_cm":286881,"minecraft:boat_one_cm":464356,"minecraft:interact_with_blast_furnace":14,"minecraft:time_since_rest":882,"minecraft:damage_taken":37432,"minecraft:damage_absorbed":40,"minecraft:swim_one_cm":381702,"minecraft:fly_one_cm":2309870,"minecraft:open_chest":100,"minecraft:fall_one_cm":329237},"minecraft:picked_up":{"minecraft:iron_chestplate":1,"minecraft:anvil":1,"iceandfire:copper_ore":6,"minecraft:yellow_wool":35,"iceandfire:armor_copper_metal_chestplate":1,"minecraft:enchanted_book":11,"iceandfire:manuscript":48,"minecraft:string":36,"iceandfire:armor_copper_chestplate":1,"iceandfire:sea_serpent_scales_teal":19,"minecraft:experience_bottle":2,"minecraft:diamond_leggings":2,"minecraft:gold_nugget":233,"minecraft:spruce_planks":4,"iceandfire:dragonscales_red":16,"minecraft:iron_boots":6,"minecraft:furnace":3,"minecraft:stick":1,"iceandfire:crackled_dirt":1,"minecraft:brown_terracotta":1,"minecraft:torch":9,"iceandfire:pixie_house_mushroom_brown":1,"minecraft:acacia_log":2,"iceandfire:dragonscales_white":103,"minecraft:porkchop":75,"iceandfire:lightning_dragon_flesh":22,"iceandfire:crackled_gravel":1,"iceandfire:lightning_dragon_blood":1,"minecraft:diorite":58,"minecraft:rotten_flesh":67,"iceandfire:deathworm_chitin_yellow":1,"iceandfire:fire_dragon_heart":2,"minecraft:white_terracotta":3,"minecraft:obsidian":13,"minecraft:cod":1,"minecraft:cobblestone":1161,"minecraft:enchanting_table":1,"iceandfire:sapphire_gem":2,"minecraft:feather":33,"minecraft:cooked_beef":53,"minecraft:andesite":70,"minecraft:brown_wool":1,"minecraft:smoker":2,"minecraft:potato":2,"minecraft:flint":4,"iceandfire:dragonegg_sapphire":2,"minecraft:lapis_lazuli":79,"minecraft:dirt":111,"iceandfire:ice_dragon_blood":1,"minecraft:bone":101,"minecraft:bow":2,"minecraft:wheat_seeds":11,"minecraft:diamond_helmet":1,"iceandfire:dragonscales_sapphire":118,"iceandfire:dragon_skull_fire":7,"iceandfire:shiny_scales":2,"minecraft:sand":18,"iceandfire:stymphalian_bird_feather":7,"minecraft:ink_sac":2,"iceandfire:dragonbone_sword_lightning":1,"iceandfire:lightning_dragon_heart":1,"minecraft:lily_of_the_valley":1,"minecraft:red_terracotta":2,"minecraft:dark_oak_log":1,"iceandfire:frozen_dirt":1,"iceandfire:chared_cobblestone":50,"minecraft:light_gray_terracotta":1,"minecraft:diamond":13,"iceandfire:crackled_stone":172,"minecraft:spruce_boat":1,"iceandfire:fire_dragon_blood":3,"iceandfire:lectern":2,"iceandfire:dragonbone_sword_fire":2,"minecraft:granite":72,"minecraft:bone_meal":1,"iceandfire:seaserpent_skull":1,"iceandfire:tide_trident":2,"minecraft:oak_sapling":2,"iceandfire:silver_nugget":549,"iceandfire:dragon_skull_lightning":1,"minecraft:crafting_table":29,"minecraft:azure_bluet":1,"iceandfire:witherbone":3,"minecraft:chicken":27,"iceandfire:pixie_house_oak":1,"minecraft:brown_mushroom":2,"minecraft:packed_ice":4,"iceandfire:frozen_cobblestone":169,"minecraft:chain":7,"minecraft:cornflower":2,"iceandfire:frozen_splinters":4,"iceandfire:frozen_stone":312,"iceandfire:amythest_gem":1,"iceandfire:bestiary":2,"minecraft:beef":118,"minecraft:oak_boat":2,"minecraft:minecart":1,"minecraft:chest":2,"minecraft:sugar_cane":49,"minecraft:birch_sapling":1,"iceandfire:ice_dragon_heart":2,"minecraft:sandstone":1,"iceandfire:dragonbone":245,"iceandfire:dragonscales_green":117,"minecraft:oak_door":7,"iceandfire:chared_grass":4,"minecraft:trident":1,"minecraft:redstone":3,"iceandfire:dragon_skull_ice":4,"minecraft:arrow":79,"iceandfire:sea_serpent_scales_purple":4,"iceandfire:dragonscales_silver":31,"iceandfire:chared_dirt":4,"iceandfire:armor_sapphire_boots":1,"minecraft:gold_ingot":18,"minecraft:mutton":48,"minecraft:rail":33,"minecraft:white_wool":50,"iceandfire:sea_serpent_fang":25,"minecraft:salmon":3,"minecraft:leather":111,"minecraft:red_mushroom":2,"minecraft:oak_log":38,"minecraft:yellow_bed":19,"iceandfire:dragonegg_gray":1,"minecraft:gunpowder":22,"iceandfire:pixie_house_mushroom_red":1,"minecraft:orange_terracotta":10,"minecraft:cooked_mutton":1,"minecraft:apple":1,"minecraft:kelp":33,"iceandfire:armor_silver_metal_helmet":2,"minecraft:spruce_wood":2,"minecraft:iron_ingot":88,"minecraft:cobweb":27,"minecraft:iron_ore":141,"minecraft:iron_sword":2,"iceandfire:fire_dragon_flesh":10,"iceandfire:crackled_cobblestone":120,"minecraft:book":4,"iceandfire:chared_stone":59,"iceandfire:copper_nugget":247,"iceandfire:ash":3,"minecraft:dandelion":23,"minecraft:gravel":20,"minecraft:blast_furnace":2,"minecraft:white_bed":21,"minecraft:spruce_log":9,"minecraft:spider_eye":5,"iceandfire:dragonscales_copper":105,"minecraft:purple_bed":1,"minecraft:iron_helmet":1,"iceandfire:ice_dragon_flesh":22,"minecraft:terracotta":6,"minecraft:coal":355,"minecraft:ender_pearl":6},"minecraft:killed":{"iceandfire:hippogryph":5,"minecraft:cave_spider":1,"minecraft:spider":11,"iceandfire:stymphalian_bird":1,"minecraft:skeleton":36,"minecraft:chicken":12,"minecraft:pig":23,"minecraft:zombie_villager":1,"minecraft:creeper":4,"minecraft:sheep":18,"minecraft:zombie":28,"iceandfire:sea_serpent":7,"minecraft:cow":47,"minecraft:horse":7,"iceandfire:fire_dragon":1,"minecraft:drowned":2,"iceandfire:deathworm":1,"minecraft:bat":1,"minecraft:enderman":3},"minecraft:dropped":{"iceandfire:chared_stone":51,"minecraft:brown_mushroom":2,"minecraft:lapis_lazuli":8,"minecraft:cooked_beef":1,"minecraft:diamond":2,"iceandfire:chared_dirt":4,"iceandfire:frozen_dirt":1,"iceandfire:ice_dragon_flesh":4,"minecraft:leather":17,"iceandfire:tide_trident":1,"iceandfire:dragonscales_copper":38,"minecraft:rail":15,"minecraft:cod":1,"minecraft:red_mushroom":2,"minecraft:flint":3,"iceandfire:armor_copper_leggings":1,"minecraft:dirt":73,"minecraft:dark_oak_log":1,"minecraft:packed_ice":4,"iceandfire:armor_copper_chestplate":1,"minecraft:yellow_dye":1,"minecraft:cornflower":2,"minecraft:mutton":6,"iceandfire:dragonscales_red":1,"minecraft:chain":7,"minecraft:gold_nugget":233,"minecraft:bone_meal":1,"iceandfire:ash":3,"minecraft:sand":1,"minecraft:iron_pickaxe":2,"iceandfire:armor_silver_metal_helmet":2,"minecraft:white_wool":21,"minecraft:gold_ingot":13,"minecraft:bone":1,"minecraft:oak_door":4,"minecraft:gravel":11,"iceandfire:stymphalian_bird_feather":2,"minecraft:sugar_cane":13,"minecraft:birch_sapling":1,"minecraft:yellow_wool":19,"minecraft:obsidian":13,"minecraft:rotten_flesh":62,"minecraft:oak_planks":29,"iceandfire:frozen_stone":196,"minecraft:cooked_mutton":1,"minecraft:azure_bluet":1,"minecraft:salmon":1,"minecraft:gunpowder":22,"iceandfire:armor_silver_metal_boots":1,"minecraft:trident":1,"iceandfire:crackled_cobblestone":101,"minecraft:spruce_wood":2,"minecraft:iron_ore":11,"minecraft:beef":1,"iceandfire:ice_dragon_blood":5,"iceandfire:armor_copper_metal_leggings":1,"iceandfire:deathworm_chitin_yellow":1,"iceandfire:chared_grass":4,"iceandfire:manuscript":3,"minecraft:iron_ingot":12,"minecraft:bread":4,"minecraft:wheat_seeds":11,"minecraft:diamond_leggings":1,"minecraft:iron_helmet":2,"iceandfire:armor_copper_metal_chestplate":1,"minecraft:feather":6,"minecraft:cobblestone":392,"minecraft:granite":60,"iceandfire:lightning_dragon_flesh":6,"minecraft:coal":15,"minecraft:stick":4,"minecraft:cobweb":20,"iceandfire:armor_sapphire_boots":3,"minecraft:diorite":54,"minecraft:ink_sac":2,"iceandfire:copper_nugget":161,"minecraft:torch":11,"minecraft:brown_wool":1,"iceandfire:armor_silver_metal_chestplate":2,"iceandfire:dragonscales_white":48,"minecraft:string":17,"minecraft:acacia_planks":1,"iceandfire:frozen_cobblestone":135,"iceandfire:dragonbone":35,"iceandfire:silver_nugget":577,"minecraft:kelp":33,"minecraft:light_gray_terracotta":1,"iceandfire:dragonbone_sword_fire":2,"minecraft:iron_boots":6,"iceandfire:dragon_skull_ice":1,"minecraft:white_terracotta":3,"minecraft:lily_of_the_valley":1,"minecraft:potato":2,"iceandfire:copper_sword":2,"iceandfire:frozen_splinters":2,"minecraft:orange_terracotta":5,"iceandfire:chared_cobblestone":39,"minecraft:iron_chestplate":2,"minecraft:andesite":51,"minecraft:oak_sapling":2,"minecraft:spider_eye":5,"minecraft:bow":1,"iceandfire:crackled_stone":117,"minecraft:terracotta":6},"minecraft:killed_by":{"minecraft:creeper":4,"minecraft:drowned":1,"iceandfire:sea_serpent":6,"iceandfire:ice_dragon":56,"minecraft:zombie":1,"iceandfire:fire_dragon":20,"minecraft:player":3,"iceandfire:hippogryph":3,"minecraft:skeleton":4,"iceandfire:lightning_dragon":16},"minecraft:mined":{"minecraft:white_bed":20,"minecraft:obsidian":4,"minecraft:granite":48,"minecraft:acacia_log":2,"minecraft:grass_block":9,"iceandfire:lectern":2,"iceandfire:pixie_house_oak":1,"minecraft:spawner":1,"iceandfire:crackled_cobblestone":42,"minecraft:iron_ore":113,"minecraft:fire":23,"minecraft:anvil":1,"minecraft:azure_bluet":1,"minecraft:enchanting_table":1,"iceandfire:chared_cobblestone":20,"minecraft:kelp_plant":3,"minecraft:smoker":2,"iceandfire:dragon_ice_spikes":80,"minecraft:torch":4,"minecraft:blast_furnace":2,"minecraft:dead_bush":1,"iceandfire:frozen_dirt":1,"minecraft:mushroom_stem":5,"minecraft:cobblestone":20,"minecraft:sugar_cane":15,"minecraft:wall_torch":3,"minecraft:seagrass":1,"iceandfire:crackled_stone":41,"minecraft:grass":36,"minecraft:oak_log":36,"minecraft:sand":17,"minecraft:dirt":53,"minecraft:oak_leaves":27,"iceandfire:chared_stone":20,"minecraft:diamond_ore":13,"minecraft:oak_door":1,"iceandfire:frozen_cobblestone":35,"iceandfire:frozen_stone":52,"minecraft:brown_mushroom_block":3,"minecraft:spruce_leaves":13,"minecraft:kelp":1,"minecraft:sandstone":1,"minecraft:furnace":3,"iceandfire:copper_ore":6,"minecraft:andesite":45,"minecraft:rail":2,"minecraft:stone":1032,"minecraft:dandelion":24,"minecraft:crafting_table":31,"minecraft:cornflower":1,"iceandfire:pixie_house_mushroom_brown":1,"minecraft:tall_grass":7,"minecraft:lapis_ore":9,"minecraft:diorite":38,"minecraft:spruce_log":9,"iceandfire:pixie_house_mushroom_red":1,"minecraft:yellow_bed":18,"minecraft:mycelium":2,"minecraft:coal_ore":114,"minecraft:gravel":13,"minecraft:cobweb":16},"minecraft:used":{"iceandfire:lectern":2,"iceandfire:tide_trident":91,"minecraft:shield":42,"minecraft:iron_sword":308,"minecraft:rotten_flesh":2,"iceandfire:frozen_stone":116,"minecraft:spruce_boat":1,"iceandfire:crackled_gravel":1,"minecraft:bow":39,"iceandfire:chared_stone":8,"minecraft:furnace":3,"iceandfire:frozen_cobblestone":34,"minecraft:stone_pickaxe":131,"iceandfire:dragonbone_sword_ice":177,"minecraft:ender_pearl":5,"minecraft:wooden_pickaxe":23,"minecraft:sandstone":1,"minecraft:golden_apple":1,"minecraft:sand":8,"minecraft:blast_furnace":2,"iceandfire:dragonbone_sword_lightning":24,"iceandfire:frozen_splinters":2,"minecraft:string":1,"minecraft:bread":3,"minecraft:gravel":9,"iceandfire:chared_cobblestone":11,"minecraft:diamond_sword":258,"minecraft:andesite":4,"minecraft:oak_boat":4,"minecraft:cobweb":7,"minecraft:experience_bottle":5,"minecraft:spruce_planks":8,"minecraft:oak_door":9,"minecraft:torch":66,"minecraft:dirt":38,"minecraft:anvil":1,"minecraft:granite":12,"iceandfire:dragonegg_sapphire":1,"minecraft:cooked_beef":73,"minecraft:water_bucket":211,"minecraft:iron_ore":6,"minecraft:salmon":2,"minecraft:crafting_table":36,"minecraft:white_bed":25,"minecraft:smoker":2,"minecraft:oak_log":3,"minecraft:diamond_pickaxe":926,"minecraft:apple":1,"iceandfire:dragonbone_sword_fire":234,"minecraft:iron_pickaxe":715,"iceandfire:dragon_horn":12,"iceandfire:crackled_cobblestone":1,"minecraft:cobblestone":226,"minecraft:purple_bed":1,"minecraft:bucket":211,"minecraft:yellow_bed":21},"minecraft:broken":{"minecraft:iron_boots":1,"minecraft:iron_chestplate":1,"minecraft:iron_leggings":1,"minecraft:stone_pickaxe":1,"iceandfire:armor_sapphire_leggings":1,"iceandfire:armor_copper_boots":1,"iceandfire:armor_copper_helmet":1,"iceandfire:armor_sapphire_helmet":2,"minecraft:shield":1,"minecraft:iron_pickaxe":1,"minecraft:iron_helmet":2,"iceandfire:armor_red_leggings":1,"iceandfire:armor_sapphire_chestplate":1,"iceandfire:armor_red_chestplate":1},"minecraft:crafted":{"minecraft:yellow_wool":2,"minecraft:smooth_stone":3,"minecraft:oak_planks":140,"iceandfire:armor_silver_boots":1,"iceandfire:armor_copper_boots":3,"iceandfire:armor_sapphire_chestplate":1,"usefulbackpacks:backpack_small":2,"iceandfire:lectern":1,"minecraft:stone":3,"minecraft:glass":9,"minecraft:bow":1,"minecraft:diamond_leggings":1,"minecraft:iron_boots":3,"iceandfire:dragonbone_sword_lightning":1,"minecraft:smoker":1,"minecraft:glass_bottle":9,"iceandfire:armor_sapphire_helmet":2,"iceandfire:armor_silver_leggings":1,"minecraft:crafting_table":7,"minecraft:spruce_planks":12,"minecraft:wooden_pickaxe":1,"minecraft:iron_helmet":3,"iceandfire:armor_red_chestplate":1,"iceandfire:armor_copper_leggings":1,"iceandfire:armor_copper_chestplate":1,"iceandfire:dragonbone_sword_ice":1,"minecraft:iron_chestplate":2,"minecraft:diamond_pickaxe":1,"minecraft:yellow_dye":23,"minecraft:shield":1,"minecraft:stick":40,"usefulbackpacks:backpack_large":2,"minecraft:iron_ingot":68,"minecraft:iron_pickaxe":3,"minecraft:iron_block":3,"iceandfire:dragon_horn":1,"iceandfire:armor_sapphire_boots":2,"minecraft:shears":1,"iceandfire:armor_copper_helmet":3,"minecraft:oak_door":6,"iceandfire:dragonbone_sword_fire":1,"iceandfire:dragon_stick":1,"minecraft:furnace":3,"minecraft:blast_furnace":1,"minecraft:yellow_bed":2,"iceandfire:dragon_flute":1,"iceandfire:armor_sapphire_leggings":1,"iceandfire:armor_silver_chestplate":1,"minecraft:spruce_wood":6,"iceandfire:armor_red_leggings":1,"minecraft:stone_pickaxe":1,"usefulbackpacks:backpack_medium":2,"minecraft:cooked_beef":21,"iceandfire:dragonbone_sword":3,"iceandfire:copper_ingot":6,"minecraft:diamond_sword":1,"iceandfire:dragon_meal":31,"iceandfire:tide_trident":1,"minecraft:iron_sword":1,"minecraft:bucket":1,"minecraft:air":0,"minecraft:oak_boat":2,"iceandfire:bestiary":1,"minecraft:white_wool":3,"minecraft:iron_leggings":1,"minecraft:anvil":1,"minecraft:white_bed":4,"minecraft:acacia_planks":8,"minecraft:torch":68,"iceandfire:armor_silver_helmet":1}},"DataVersion":2586}