{"stats":{"minecraft:dropped":{"iceandfire:chared_stone":260,"minecraft:iron_sword":1,"minecraft:lapis_lazuli":8,"minecraft:cooked_beef":8,"minecraft:diamond":2,"minecraft:crafting_table":1,"minecraft:cooked_porkchop":10,"iceandfire:pixie_house_mushroom_brown":1,"iceandfire:frozen_dirt":3,"iceandfire:dragonscales_copper":38,"minecraft:rail":15,"minecraft:red_mushroom":5,"minecraft:emerald":11,"minecraft:dirt":351,"iceandfire:armor_electric_helmet":1,"minecraft:yellow_dye":1,"iceandfire:dragon_horn":1,"iceandfire:armor_copper_metal_boots":1,"minecraft:chain":19,"minecraft:gold_nugget":554,"minecraft:bone_meal":134,"minecraft:sand":7,"minecraft:iron_pickaxe":2,"iceandfire:armor_silver_metal_helmet":2,"minecraft:white_wool":50,"minecraft:bone":12,"iceandfire:amythest_gem":9,"minecraft:oak_door":4,"minecraft:sugar_cane":42,"minecraft:cooked_chicken":23,"minecraft:obsidian":18,"minecraft:birch_sapling":1,"minecraft:wheat":53,"minecraft:rotten_flesh":144,"minecraft:oak_planks":46,"minecraft:glowstone_dust":4,"minecraft:azure_bluet":1,"minecraft:white_bed":1,"minecraft:salmon":1,"minecraft:rabbit_foot":1,"iceandfire:sapphire_gem":5,"minecraft:acacia_sapling":3,"iceandfire:crackled_cobblestone":439,"minecraft:glass":2,"minecraft:beef":1,"iceandfire:ice_dragon_blood":5,"iceandfire:manuscript":37,"minecraft:egg":3,"minecraft:enchanted_book":1,"minecraft:iron_ingot":24,"iceandfire:pixie_house_mushroom_red":1,"minecraft:wheat_seeds":67,"iceandfire:armor_silver_leggings":1,"minecraft:iron_helmet":2,"minecraft:feather":64,"minecraft:cobblestone":2032,"minecraft:book":7,"minecraft:apple":3,"minecraft:granite":119,"minecraft:coal":41,"minecraft:cobweb":32,"iceandfire:myrmex_resin_sticky_desert":5,"minecraft:gray_wool":1,"minecraft:ink_sac":5,"iceandfire:copper_nugget":881,"minecraft:rabbit":1,"minecraft:potion":8,"minecraft:brown_terracotta":1,"iceandfire:dragonscales_white":48,"minecraft:iron_shovel":2,"minecraft:string":42,"minecraft:acacia_planks":3,"iceandfire:dragon_skull_fire":9,"minecraft:spruce_sapling":2,"iceandfire:frozen_cobblestone":332,"iceandfire:silver_nugget":923,"minecraft:chicken":5,"minecraft:iron_boots":9,"iceandfire:dragonscales_electric":12,"iceandfire:dragon_skull_ice":4,"minecraft:stone_slab":5,"iceandfire:armor_copper_metal_helmet":1,"minecraft:white_terracotta":3,"minecraft:lily_of_the_valley":1,"iceandfire:dragon_ice":1,"minecraft:potato":3,"minecraft:stone":10,"iceandfire:myrmex_desert_biolight":2,"iceandfire:frozen_splinters":2,"minecraft:spruce_planks":4,"minecraft:diamond_pickaxe":5,"minecraft:spider_eye":15,"minecraft:sandstone":10,"minecraft:bow":7,"iceandfire:crackled_stone":600,"iceandfire:dragon_skull_lightning":7,"minecraft:black_wool":3,"minecraft:terracotta":8,"minecraft:brown_mushroom":2,"minecraft:birch_planks":1,"minecraft:oak_log":7,"iceandfire:chared_dirt":19,"iceandfire:ice_dragon_flesh":4,"minecraft:leather":120,"iceandfire:tide_trident":1,"iceandfire:pixie_house_oak":1,"minecraft:cod":1,"minecraft:flint":3,"iceandfire:armor_copper_leggings":1,"iceandfire:copper_ingot":61,"minecraft:dark_oak_log":1,"minecraft:packed_ice":8,"iceandfire:armor_copper_chestplate":2,"minecraft:cornflower":2,"minecraft:mutton":6,"iceandfire:dragonscales_red":1,"iceandfire:dragonsteel_ice_sword":1,"iceandfire:dragonscale_bronze":6,"iceandfire:ash":5,"minecraft:birch_log":3,"minecraft:gold_ingot":13,"minecraft:gravel":11,"iceandfire:stymphalian_bird_feather":2,"minecraft:yellow_wool":19,"iceandfire:frozen_stone":421,"minecraft:cooked_mutton":3,"iceandfire:myrmex_resin_desert":11,"minecraft:poppy":7,"minecraft:rabbit_hide":3,"iceandfire:armor_silver_metal_boots":1,"minecraft:trident":1,"minecraft:gunpowder":64,"minecraft:skeleton_skull":1,"minecraft:chest":4,"iceandfire:pixie_dust":1,"minecraft:spruce_wood":2,"minecraft:iron_ore":18,"minecraft:arrow":13,"iceandfire:armor_copper_metal_leggings":3,"iceandfire:deathworm_chitin_yellow":1,"minecraft:quartz":10,"iceandfire:chared_grass":4,"minecraft:oak_leaves":2,"minecraft:bread":4,"minecraft:diamond_leggings":1,"iceandfire:armor_copper_metal_chestplate":1,"iceandfire:lightning_dragon_flesh":6,"minecraft:acacia_log":3,"iceandfire:dragonscale_green":33,"minecraft:stick":31,"iceandfire:armor_sapphire_boots":3,"minecraft:diorite":150,"iceandfire:dragonscales_black":41,"iceandfire:crackled_dirt":1,"iceandfire:dragonegg_red":2,"minecraft:torch":11,"minecraft:brown_wool":1,"iceandfire:armor_silver_metal_chestplate":3,"iceandfire:armor_silver_chestplate":1,"minecraft:iron_leggings":2,"minecraft:cactus":1,"iceandfire:dragon_bone_block":22,"minecraft:dandelion":4,"iceandfire:dragonbone":90,"iceandfire:dragonscale_sapphire":9,"minecraft:kelp":33,"minecraft:light_gray_terracotta":1,"iceandfire:myrmex_desert_resin":2,"minecraft:light_gray_wool":1,"iceandfire:dragonbone_sword_fire":2,"minecraft:stripped_oak_log":3,"minecraft:red_terracotta":6,"minecraft:oak_button":1,"iceandfire:copper_sword":2,"minecraft:diamond_chestplate":3,"minecraft:orange_terracotta":11,"iceandfire:chared_cobblestone":213,"minecraft:iron_chestplate":4,"minecraft:purple_bed":1,"minecraft:andesite":137,"minecraft:oak_sapling":5,"iceandfire:dragonbone_bow":1,"minecraft:diamond_boots":1},"minecraft:picked_up":{"minecraft:iron_chestplate":4,"minecraft:anvil":2,"iceandfire:copper_ore":6,"minecraft:stone_slab":5,"minecraft:diamond_sword":1,"minecraft:oak_stairs":7,"minecraft:enchanted_book":14,"iceandfire:manuscript":97,"iceandfire:armor_copper_chestplate":1,"minecraft:string":70,"iceandfire:myrmex_desert_biolight":2,"minecraft:diamond_leggings":4,"minecraft:gold_nugget":662,"minecraft:spruce_planks":5,"iceandfire:myrmex_desert_resin":2,"minecraft:acacia_log":8,"iceandfire:lightning_dragon_flesh":73,"minecraft:rabbit_foot":1,"iceandfire:deathworm_chitin_yellow":1,"iceandfire:fire_dragon_heart":4,"minecraft:white_terracotta":3,"minecraft:birch_log":17,"iceandfire:dragonscales_black":41,"iceandfire:sapphire_gem":7,"minecraft:feather":103,"minecraft:cooked_beef":60,"minecraft:brown_wool":1,"minecraft:smoker":3,"minecraft:flint":4,"iceandfire:dragonegg_sapphire":2,"iceandfire:ice_dragon_blood":1,"minecraft:chipped_anvil":2,"minecraft:rabbit":1,"minecraft:diamond_helmet":3,"minecraft:glowstone_dust":4,"iceandfire:dragonscales_amythest":111,"iceandfire:dragonscales_sapphire":118,"iceandfire:dragon_skull_fire":11,"iceandfire:shiny_scales":2,"minecraft:stripped_spruce_log":82,"iceandfire:stymphalian_bird_feather":7,"minecraft:ink_sac":5,"iceandfire:lightning_dragon_heart":7,"minecraft:dark_oak_log":1,"minecraft:red_terracotta":6,"iceandfire:chared_cobblestone":252,"iceandfire:crackled_stone":636,"iceandfire:lectern":2,"minecraft:granite":134,"iceandfire:dragonbone_bow":1,"minecraft:diamond_pickaxe":4,"iceandfire:dragon_skull_lightning":10,"minecraft:crafting_table":49,"iceandfire:witherbone":32,"minecraft:cornflower":2,"iceandfire:frozen_splinters":4,"minecraft:iron_shovel":1,"iceandfire:bestiary":2,"minecraft:beef":190,"minecraft:poppy":7,"minecraft:minecart":1,"minecraft:chest":8,"iceandfire:dragonscales_electric":135,"minecraft:birch_sapling":1,"minecraft:egg":3,"minecraft:sandstone":11,"minecraft:stone":5,"minecraft:oak_door":7,"iceandfire:dragonegg_copper":1,"iceandfire:armor_copper_metal_boots":1,"minecraft:redstone":3,"iceandfire:dragon_skull_ice":5,"minecraft:diamond_chestplate":3,"iceandfire:dragonscales_silver":31,"minecraft:diamond_boots":2,"minecraft:hay_block":130,"minecraft:gold_ingot":37,"minecraft:mutton":140,"minecraft:white_wool":117,"minecraft:rail":33,"minecraft:stripped_oak_log":107,"iceandfire:sea_serpent_fang":32,"minecraft:red_mushroom":5,"minecraft:oak_log":372,"iceandfire:armor_copper_metal_helmet":1,"iceandfire:pixie_house_mushroom_red":1,"minecraft:apple":4,"minecraft:kelp":33,"iceandfire:cannoli":2,"minecraft:iron_ore":150,"minecraft:cobweb":39,"minecraft:glass_bottle":8,"minecraft:iron_sword":4,"iceandfire:chared_stone":274,"iceandfire:copper_nugget":897,"minecraft:gravel":20,"minecraft:spruce_sapling":12,"minecraft:spruce_log":192,"iceandfire:dragonscales_copper":237,"minecraft:purple_bed":3,"iceandfire:cockatrice_skull":2,"minecraft:gray_wool":3,"iceandfire:ice_dragon_flesh":22,"minecraft:ender_pearl":9,"minecraft:wheat":106,"minecraft:yellow_wool":35,"iceandfire:armor_copper_metal_chestplate":1,"minecraft:potion":6,"iceandfire:armor_silver_metal_chestplate":1,"iceandfire:sea_serpent_scales_teal":27,"minecraft:iron_leggings":2,"minecraft:experience_bottle":2,"iceandfire:dragonscales_red":16,"minecraft:iron_boots":7,"minecraft:furnace":4,"iceandfire:pixie_dust":1,"minecraft:stick":34,"iceandfire:crackled_dirt":1,"iceandfire:armor_copper_metal_leggings":2,"minecraft:brown_terracotta":1,"minecraft:torch":37,"iceandfire:pixie_house_mushroom_brown":1,"iceandfire:dragonscales_white":103,"minecraft:porkchop":127,"iceandfire:crackled_gravel":1,"iceandfire:lightning_dragon_blood":1,"minecraft:diorite":165,"minecraft:cactus":1,"minecraft:rotten_flesh":146,"iceandfire:myrmex_desert_chitin":7,"minecraft:obsidian":31,"minecraft:cod":1,"minecraft:cobblestone":2816,"minecraft:enchanting_table":1,"minecraft:andesite":164,"minecraft:potato":3,"iceandfire:dragonscales_bronze":61,"minecraft:lapis_lazuli":79,"minecraft:dirt":688,"iceandfire:dragonsteel_ice_sword":1,"minecraft:glass":1,"minecraft:bone":385,"minecraft:acacia_planks":1,"minecraft:bow":9,"minecraft:wheat_seeds":69,"minecraft:oak_planks":56,"minecraft:cooked_porkchop":23,"minecraft:sand":397,"minecraft:lily_of_the_valley":1,"iceandfire:dragonbone_sword_lightning":1,"iceandfire:frozen_dirt":3,"iceandfire:dragonegg_red":2,"minecraft:light_gray_terracotta":1,"minecraft:diamond":29,"minecraft:spruce_boat":1,"iceandfire:fire_dragon_blood":3,"iceandfire:dragonbone_sword_fire":2,"iceandfire:dragon_ice":1,"minecraft:bone_meal":1,"iceandfire:seaserpent_skull":1,"minecraft:emerald":22,"minecraft:oak_sapling":47,"iceandfire:tide_trident":2,"minecraft:netherrack":2,"iceandfire:silver_nugget":907,"minecraft:oak_leaves":2,"iceandfire:copper_ingot":61,"iceandfire:cockatrice_eye":1,"minecraft:azure_bluet":1,"minecraft:chicken":57,"iceandfire:pixie_house_oak":1,"minecraft:brown_mushroom":2,"minecraft:packed_ice":8,"minecraft:cooked_rabbit":3,"iceandfire:frozen_cobblestone":367,"minecraft:chain":25,"iceandfire:frozen_stone":539,"iceandfire:amythest_gem":17,"minecraft:oak_boat":2,"minecraft:light_gray_wool":1,"minecraft:sugar_cane":49,"minecraft:spruce_trapdoor":17,"iceandfire:ice_dragon_heart":2,"iceandfire:dragonbone":574,"iceandfire:dragonscales_green":279,"iceandfire:troll_tusk":2,"iceandfire:chared_grass":5,"iceandfire:myrmex_resin_desert":11,"minecraft:trident":1,"minecraft:arrow":173,"iceandfire:sea_serpent_scales_purple":4,"iceandfire:chared_dirt":19,"iceandfire:armor_sapphire_boots":1,"iceandfire:myrmex_resin_sticky_desert":5,"minecraft:skeleton_skull":1,"iceandfire:dragonegg_green":1,"iceandfire:dragonsteel_ice_helmet":1,"minecraft:salmon":3,"minecraft:leather":155,"minecraft:yellow_bed":19,"iceandfire:dragonegg_gray":1,"minecraft:gunpowder":66,"minecraft:orange_terracotta":11,"minecraft:cooked_mutton":36,"iceandfire:armor_silver_metal_helmet":2,"minecraft:rabbit_hide":3,"minecraft:spruce_wood":2,"minecraft:iron_ingot":230,"minecraft:cooked_chicken":36,"iceandfire:fire_dragon_flesh":17,"minecraft:acacia_sapling":4,"iceandfire:crackled_cobblestone":503,"minecraft:book":7,"iceandfire:dragon_horn":2,"iceandfire:ash":7,"minecraft:quartz":10,"minecraft:dandelion":27,"minecraft:blast_furnace":2,"minecraft:white_bed":73,"minecraft:spruce_door":11,"minecraft:spider_eye":15,"minecraft:iron_helmet":1,"minecraft:terracotta":8,"minecraft:black_wool":3,"minecraft:coal":518},"minecraft:killed_by":{"minecraft:zombie":5,"iceandfire:cockatrice":1,"minecraft:creeper":15,"minecraft:drowned":1,"iceandfire:sea_serpent":7,"iceandfire:ice_dragon":84,"iceandfire:fire_dragon":48,"minecraft:player":11,"minecraft:spider":1,"minecraft:enderman":1,"iceandfire:hippogryph":3,"minecraft:skeleton":8,"iceandfire:lightning_dragon":52},"minecraft:killed":{"iceandfire:hippogryph":6,"minecraft:cave_spider":1,"iceandfire:stymphalian_bird":1,"minecraft:skeleton":145,"minecraft:chicken":39,"iceandfire:myrmex_worker":4,"iceandfire:cockatrice":21,"minecraft:zombie":130,"iceandfire:lightning_dragon":7,"iceandfire:sea_serpent":9,"minecraft:cow":86,"minecraft:horse":10,"iceandfire:siren":1,"minecraft:husk":12,"iceandfire:cyclops":2,"minecraft:rabbit":2,"iceandfire:ice_dragon":4,"minecraft:enderman":10,"minecraft:witch":3,"minecraft:spider":32,"minecraft:piglin":1,"minecraft:pig":56,"minecraft:zombie_villager":1,"minecraft:creeper":54,"minecraft:sheep":96,"iceandfire:pixie":6,"iceandfire:fire_dragon":6,"minecraft:drowned":3,"iceandfire:deathworm":1,"iceandfire:troll":1,"minecraft:bat":4,"minecraft:villager":1},"minecraft:custom":{"minecraft:interact_with_crafting_table":241,"minecraft:leave_game":64,"minecraft:time_since_death":45178,"minecraft:damage_blocked_by_shield":73,"minecraft:deaths":259,"minecraft:jump":25462,"minecraft:enchant_item":10,"minecraft:interact_with_furnace":54,"minecraft:traded_with_villager":13,"minecraft:sleep_in_bed":63,"minecraft:damage_dealt":159905,"minecraft:interact_with_smoker":23,"minecraft:inspect_dispenser":4,"minecraft:interact_with_anvil":17,"minecraft:inspect_hopper":2,"minecraft:sneak_time":23712,"minecraft:interact_with_blast_furnace":14,"minecraft:time_since_rest":8772,"minecraft:swim_one_cm":472698,"minecraft:fly_one_cm":5263713,"minecraft:open_chest":259,"minecraft:fall_one_cm":806244,"minecraft:sprint_one_cm":2787951,"minecraft:drop":1014,"minecraft:talked_to_villager":8,"minecraft:walk_on_water_one_cm":250852,"minecraft:play_one_minute":1365168,"minecraft:player_kills":5,"minecraft:crouch_one_cm":54752,"minecraft:mob_kills":811,"minecraft:climb_one_cm":3077,"minecraft:walk_one_cm":2279953,"minecraft:walk_under_water_one_cm":439948,"minecraft:boat_one_cm":464356,"minecraft:interact_with_grindstone":3,"minecraft:damage_taken":76764,"minecraft:damage_absorbed":40},"minecraft:used":{"iceandfire:lectern":2,"minecraft:chest":1,"minecraft:rotten_flesh":2,"minecraft:stripped_spruce_log":76,"iceandfire:dragonegg_green":1,"minecraft:spruce_boat":1,"iceandfire:crackled_gravel":1,"minecraft:bow":99,"iceandfire:chared_stone":14,"minecraft:furnace":7,"minecraft:oak_sapling":33,"iceandfire:frozen_cobblestone":35,"minecraft:diorite":15,"minecraft:spruce_door":14,"iceandfire:dragonbone_sword_ice":641,"minecraft:wooden_pickaxe":23,"minecraft:golden_apple":1,"minecraft:sand":15,"minecraft:blast_furnace":2,"iceandfire:frozen_splinters":2,"iceandfire:chared_cobblestone":19,"minecraft:diamond_sword":258,"minecraft:birch_log":1,"minecraft:oak_boat":4,"minecraft:enchanting_table":1,"minecraft:netherrack":1,"minecraft:torch":94,"minecraft:anvil":3,"iceandfire:dragonegg_sapphire":2,"minecraft:chipped_anvil":1,"minecraft:beef":3,"iceandfire:dragonegg_gray":1,"minecraft:water_bucket":293,"iceandfire:crackled_stone":35,"iceandfire:dragon_skull_lightning":1,"minecraft:salmon":2,"minecraft:crafting_table":63,"minecraft:white_bed":86,"minecraft:spruce_log":72,"minecraft:oak_log":224,"minecraft:diamond_pickaxe":2867,"minecraft:diamond_shovel":127,"iceandfire:dragonbone_sword_fire":397,"minecraft:iron_pickaxe":715,"iceandfire:dragon_horn":109,"minecraft:spruce_trapdoor":31,"iceandfire:dragonsteel_ice_sword":492,"minecraft:spruce_sapling":6,"iceandfire:crackled_cobblestone":64,"minecraft:cobblestone":714,"minecraft:purple_bed":2,"minecraft:porkchop":1,"minecraft:cooked_porkchop":13,"minecraft:stripped_oak_log":96,"iceandfire:tide_trident":261,"minecraft:iron_shovel":517,"minecraft:diamond_hoe":145,"minecraft:shield":42,"minecraft:iron_sword":582,"minecraft:mutton":2,"iceandfire:frozen_stone":118,"minecraft:obsidian":8,"iceandfire:cannoli":1,"minecraft:stone_pickaxe":131,"minecraft:oak_planks":249,"minecraft:ender_pearl":9,"minecraft:sandstone":1,"minecraft:diamond_axe":631,"minecraft:white_wool":2,"iceandfire:dragonbone_sword_lightning":36,"minecraft:bread":83,"minecraft:string":1,"minecraft:gravel":9,"minecraft:cooked_rabbit":3,"minecraft:andesite":27,"minecraft:chain":1,"minecraft:bone_meal":63,"minecraft:experience_bottle":5,"minecraft:cobweb":7,"minecraft:spruce_planks":36,"minecraft:cooked_chicken":17,"minecraft:oak_door":9,"minecraft:dirt":337,"iceandfire:dragonsteel_ice_pickaxe":7,"minecraft:granite":15,"minecraft:oak_stairs":31,"minecraft:cooked_beef":73,"minecraft:cooked_mutton":3,"minecraft:iron_ore":6,"minecraft:glass_bottle":22,"minecraft:smoker":3,"minecraft:apple":1,"iceandfire:dragonsteel_ice_axe":498,"iceandfire:ash":2,"iceandfire:chared_grass":1,"minecraft:bucket":293,"minecraft:yellow_bed":21,"minecraft:gray_wool":2},"minecraft:crafted":{"minecraft:yellow_wool":2,"minecraft:smooth_stone":3,"iceandfire:dragonarmor_iron_head":1,"iceandfire:armor_copper_boots":4,"minecraft:diamond_shovel":1,"minecraft:glass":183,"minecraft:diamond_leggings":1,"minecraft:glass_bottle":180,"minecraft:emerald":12,"minecraft:diamond_axe":1,"iceandfire:dragonsteel_ice_boots":1,"iceandfire:dragonsteel_ice_chestplate":1,"minecraft:spruce_door":9,"iceandfire:armor_red_chestplate":1,"iceandfire:dragonbone_sword_ice":1,"iceandfire:armor_white_helmet":1,"usefulbackpacks:backpack_large":2,"minecraft:iron_pickaxe":3,"minecraft:iron_block":26,"iceandfire:dragon_horn":4,"iceandfire:armor_sapphire_boots":2,"iceandfire:dragonsteel_ice_sword":1,"iceandfire:dragonbone_sword_fire":1,"minecraft:diamond_hoe":1,"iceandfire:dragonarmor_iron_body":1,"minecraft:yellow_bed":2,"iceandfire:dragon_flute":1,"minecraft:bone_meal":225,"iceandfire:armor_silver_chestplate":1,"minecraft:stone_pickaxe":1,"minecraft:wheat":900,"iceandfire:dragonbone_sword":3,"minecraft:enchanted_book":1,"minecraft:oak_stairs":40,"minecraft:iron_shovel":3,"minecraft:iron_leggings":1,"minecraft:white_bed":15,"iceandfire:dragonarmor_iron_neck":1,"minecraft:oak_planks":504,"iceandfire:armor_silver_boots":1,"iceandfire:armor_sapphire_chestplate":1,"minecraft:cooked_chicken":12,"usefulbackpacks:backpack_small":2,"iceandfire:lectern":1,"minecraft:stone":8,"minecraft:bow":1,"minecraft:iron_boots":3,"iceandfire:dragonbone_sword_lightning":1,"minecraft:oak_button":1,"minecraft:smoker":1,"iceandfire:armor_sapphire_helmet":2,"iceandfire:armor_silver_leggings":1,"minecraft:crafting_table":15,"minecraft:spruce_planks":360,"iceandfire:dragonsteel_ice_helmet":1,"minecraft:iron_helmet":3,"minecraft:wooden_pickaxe":1,"minecraft:birch_planks":8,"iceandfire:armor_copper_leggings":2,"iceandfire:dragonbone_bow":1,"minecraft:spruce_trapdoor":22,"iceandfire:armor_copper_chestplate":2,"minecraft:iron_chestplate":2,"minecraft:diamond_pickaxe":3,"minecraft:yellow_dye":23,"minecraft:shield":1,"iceandfire:dragonscale_bronze":6,"minecraft:stick":448,"minecraft:iron_ingot":86,"iceandfire:dragonscale_sapphire":9,"minecraft:shears":1,"iceandfire:armor_copper_helmet":4,"minecraft:oak_door":6,"iceandfire:dragon_stick":1,"iceandfire:dragonscale_green":33,"minecraft:furnace":5,"minecraft:blast_furnace":1,"iceandfire:dragonsteel_ice_leggings":1,"iceandfire:armor_sapphire_leggings":1,"minecraft:spruce_wood":6,"iceandfire:armor_red_leggings":1,"usefulbackpacks:backpack_medium":2,"iceandfire:dragon_bone_block":22,"iceandfire:armor_electric_helmet":1,"iceandfire:dragonsteel_ice_pickaxe":1,"minecraft:cooked_beef":21,"iceandfire:copper_ingot":6,"minecraft:diamond_sword":1,"iceandfire:dragon_meal":97,"iceandfire:tide_trident":1,"minecraft:iron_sword":1,"minecraft:bucket":1,"minecraft:bread":300,"minecraft:air":0,"minecraft:oak_boat":2,"iceandfire:bestiary":1,"minecraft:white_wool":3,"minecraft:anvil":1,"iceandfire:dragonsteel_ice_axe":1,"iceandfire:dragonarmor_iron_tail":1,"minecraft:acacia_planks":20,"iceandfire:dragonsteel_ice_ingot":32,"minecraft:torch":68,"iceandfire:armor_silver_helmet":1},"minecraft:broken":{"minecraft:iron_boots":1,"minecraft:iron_chestplate":1,"minecraft:iron_leggings":1,"iceandfire:armor_sapphire_leggings":1,"iceandfire:armor_copper_helmet":2,"iceandfire:armor_sapphire_helmet":2,"minecraft:shield":1,"minecraft:iron_pickaxe":1,"minecraft:iron_helmet":2,"minecraft:iron_shovel":2,"iceandfire:armor_white_helmet":1,"minecraft:stone_pickaxe":1,"iceandfire:armor_copper_boots":1,"iceandfire:armor_silver_boots":1,"iceandfire:armor_red_leggings":1,"iceandfire:armor_silver_helmet":1,"iceandfire:armor_sapphire_chestplate":1,"iceandfire:armor_red_chestplate":1},"minecraft:mined":{"minecraft:white_bed":69,"minecraft:obsidian":14,"minecraft:granite":69,"minecraft:acacia_log":6,"iceandfire:pixie_house_oak":1,"minecraft:spawner":2,"minecraft:fire":42,"minecraft:enchanting_table":1,"minecraft:oak_stairs":7,"minecraft:kelp_plant":3,"minecraft:smoker":3,"iceandfire:myrmex_resin_sticky_desert":2,"minecraft:torch":28,"minecraft:blast_furnace":2,"minecraft:dead_bush":1,"iceandfire:sapphire_ore":2,"minecraft:sugar_cane":16,"iceandfire:crackled_stone":151,"minecraft:grass":252,"iceandfire:frozen_grass":1,"minecraft:kelp":1,"minecraft:andesite":104,"minecraft:rail":2,"minecraft:white_wool":1,"minecraft:dandelion":25,"minecraft:cornflower":1,"iceandfire:pixie_house_mushroom_brown":1,"minecraft:emerald_ore":12,"minecraft:tall_grass":25,"minecraft:diorite":99,"minecraft:purple_bed":1,"minecraft:spruce_log":156,"minecraft:birch_leaves":3,"iceandfire:silver_pile":1,"minecraft:mycelium":2,"minecraft:gravel":13,"minecraft:cobweb":16,"minecraft:chipped_anvil":2,"minecraft:oak_sapling":2,"minecraft:spruce_trapdoor":17,"minecraft:grass_block":358,"iceandfire:lectern":2,"minecraft:frosted_ice":1,"iceandfire:crackled_cobblestone":139,"minecraft:iron_ore":119,"minecraft:anvil":2,"minecraft:azure_bluet":1,"iceandfire:chared_cobblestone":48,"iceandfire:dragon_ice_spikes":104,"iceandfire:frozen_dirt":2,"minecraft:mushroom_stem":5,"minecraft:nether_quartz_ore":10,"minecraft:cobblestone":27,"minecraft:oak_planks":56,"minecraft:wall_torch":6,"minecraft:seagrass":1,"minecraft:birch_log":17,"minecraft:oak_log":360,"minecraft:sand":352,"minecraft:dirt":148,"minecraft:netherrack":2,"minecraft:oak_leaves":138,"iceandfire:chared_stone":57,"minecraft:diamond_ore":19,"minecraft:oak_door":1,"iceandfire:frozen_cobblestone":68,"iceandfire:frozen_stone":93,"minecraft:brown_mushroom_block":3,"minecraft:spruce_leaves":24,"minecraft:sandstone":9,"iceandfire:chared_grass":1,"minecraft:large_fern":1,"minecraft:hay_block":134,"minecraft:spruce_sapling":1,"minecraft:furnace":4,"iceandfire:copper_ore":6,"minecraft:stripped_spruce_log":82,"minecraft:stripped_oak_log":104,"minecraft:stone":2311,"minecraft:spruce_door":8,"minecraft:crafting_table":52,"iceandfire:amythest_ore":1,"minecraft:lapis_ore":9,"iceandfire:pixie_house_mushroom_red":1,"minecraft:yellow_bed":18,"minecraft:coal_ore":153}},"DataVersion":2586}